标题,小区,房厅,面积,朝向,楼层,年份,位置,总价(万),单价(元/平方米)
三环内 三公园围绕 婚房精装 地暖 拎包入住 诚心卖必看好房,金水世纪城   ,3室2厅,86.93平米,南,34,未知, 五龙口 ,110,12654
精装修3房，业主一手房，满五年税费少，南北通透必看好房,保利百合   ,3室2厅,87.89平米,南 北,34,未知, 热电厂 ,105,11947
天誉华庭 精装边户3房 南北通透拎包入住满五税少,领创天誉华庭   ,3室2厅,88.73平米,南 北,34,未知, 五龙口 ,118,13389
2023年次新小区 好楼层   无抵押  密码钥匙必看好房,建业盛悦府   ,3室2厅,88.9平米,南 北,34,未知, 五龙口 ,119,13386
伊河路南区和19 两梯四户 16年建成 满五唯一,中原新城观澜一号   ,3室1厅,86.5平米,南,32,未知, 电力新村 ,106,12255
满五年，园林小区 南北通透户型 中间楼层。,锦艺国际华都美域   ,3室2厅,89.38平米,南 北,33,未知, 热电厂 ,108,12084
万达旁 2020年 二次精装 改善婚房 楼下二砂产业园,阳光城丽景公馆南苑   ,3室2厅,89平米,南 北,34,未知, 中原万达 ,109,12248
2024次新小区三环内建设路地铁口品质楼盘必看好房,五建新街坊5号院   ,3室2厅,87.38平米,南,34,未知, 热电厂 ,111,12704
品质园林小区，20万精装修 拎包住 中间楼层，随时看房必看好房,领创天誉华庭   ,3室1厅,88.73平米,南,33,未知, 五龙口 ,118,13299
南北通透格局好 楼层好 视野好 采光充足 配套设施齐全必看好房,锦艺国际华都欧尚   ,3室1厅,88.65平米,南 北,33,未知, 热电厂 ,105,11845
三环内近地铁口次新小区人车分流必看好房,溢彩年华   ,3室2厅,88.61平米,南,27,未知, 中原万达 ,110,12414
房子精装修 人车分流 2020年次新房 地铁1号线地铁口必看好房,阳光城丽景公馆南苑   ,3室2厅,86.67平米,南,17,未知, 中原万达 ,114,13154
精装  小三房  房子蛮漂亮的  业主诚心卖必看好房,民安西上一号院   ,3室1厅,89.8平米,南 北,30,未知, 帝湖 ,118,13141
2022年次新房精装交付 好楼层 满两年 仅有契税,和润林湖美景   ,3室2厅,87.44平米,南 北,31,未知, 热电厂 ,119,13610
有车位 装修很好 人车分流 品质小区必看好房,民安西上一号院   ,3室2厅,87.94平米,南,33,未知, 帝湖 ,119,13532
锦艺一期，南北通透，满五采光好，业主诚心出售,锦艺国际华都欧尚   ,3室1厅,89.68平米,南 北,33,未知, 热电厂 ,105,11709
楼层好 小区中间 标准三室 看房有钥匙必看好房,盛润锦绣城东院   ,3室2厅,88.71平米,南,33,未知, 王府井 ,119,13415
央企保利开发 人车分流 小三房 地铁口锦艺城商圈必看好房,保利百合   ,3室2厅,88.14平米,南 北,34,未知, 热电厂 ,106,12027
经典户型设计，合理空间划分，内外兼修的品格建筑,聚龙花园   ,2室1厅,87.63平米,南,18,未知, 儿童公园 ,100,11412
桐柏路陇海路 中原新城2房 儿童公园 地铁口 采光充足,中原新城王府东院   ,2室2厅,84.34平米,南 北,34,未知, 郑州一中 ,110,13043
盛润锦绣城西院 2室1厅 南,盛润锦绣城西院   ,2室1厅,75.89平米,南,32,未知, 王府井 ,100,13177
房子满五 全天采光 锦艺商圈 配套齐全 业主诚心出售,锦艺国际华都濠庭   ,2室1厅,85.79平米,南,29,未知, 热电厂 ,108,12589
房子高层，无遮挡，采光好，视野佳，配套齐全！,全威锦园   ,2室2厅,86.42平米,南,18,未知, 月季公园 ,102,11803
小区门口，出入方便，南北户型，精装修,盛润锦绣城西院   ,2室1厅,76.96平米,东北 东,32,未知, 王府井 ,120,15593
天誉龙邸，精装两房，纯南户型，配套齐全！房主自荐,天誉龙邸南区   ,2室2厅,85.34平米,南,32,未知, 五龙口 ,100,11718
园林社区，产权清晰 ，楼层适中视野开阔,昆仑华府   ,2室2厅,89.23平米,南,18,未知, 中原万达 ,120,13449
96年可商贷款 唯一住房 不过马路方便,林山寨村   ,2室1厅,77平米,南 北,7,未知, 郑州晚报社 ,115,14936
伊河路，19，非顶楼，可贷款，看房方便,林山寨村   ,2室1厅,70.35平米,东,7,未知, 郑州晚报社 ,105,14926
地铁5号线，中间楼层，双气，精装，诚意出售,公园壹号   ,2室2厅,86.16平米,南,33,未知, 儿童公园 ,120,13928
18年新小区 地铁口 双气精装修 人车分流,紫韵景园   ,3室1厅,88.69平米,南,34,未知, 中原万达 ,120,13531
急卖儿童公园 双气南北 两室陇海 五号线地铁,中原新城王府东院   ,2室1厅,84.34平米,南 北,34,未知, 郑州一中 ,115,13636
金水路旁园林小区，人车分流新小区,领创天誉华庭   ,2室1厅,78.18平米,南,27,未知, 五龙口 ,115,14710
百合里精装修 满五年唯一 年轻人选择房源有车位,百合里   ,2室1厅,89.6平米,南,28,未知, 五龙口 ,118,13170
诚心卖 价格可谈 精装修 拎包入住,聚龙花园   ,2室1厅,87.22平米,南,18,未知, 儿童公园 ,110,12612
满五唯一税费少 双地铁 常西湖新区 双气新小区,紫韵丽园   ,3室2厅,89.25平米,东南 南,33,未知, 中原万达 ,105,11765
满五唯一，房子户型格局好，适合居住,九龙城龙腾西城   ,3室2厅,89.97平米,南,34,未知, 五龙口 ,110,12227
冉屯路天誉龙邸精装2+1户型 好楼层采光无遮挡,天誉龙邸南区   ,2室2厅,85.34平米,南 北,32,未知, 五龙口 ,110,12890
地铁口 次新房小区 人车分流 诚心出售,紫韵丽园   ,3室1厅,89.09平米,南,33,未知, 中原万达 ,105,11786
业主诚心出售，看中房子价格可谈！,方圆经纬二期   ,2室1厅,77.32平米,南,33,未知, 王府井 ,109,14098
锦绣城 产权清晰 中间楼层 业主诚心出售 看房效果好,盛润锦绣城西院   ,2室2厅,75.89平米,南,32,未知, 王府井 ,110,14495
全明格局，楼层好，视野开阔，位置好,五建新街坊1号院   ,2室1厅,88.04平米,东南,33,未知, 热电厂 ,100,11359
绿东村3号院精装标准三居，有额外面积不在房本诚售,绿东村3号院   ,3室2厅,79.78平米,南 北,5,未知, 郑州一中 ,110,13788
三环内，18年次新小区，全南户型，环境静美，交通便利,天誉龙邸南区   ,2室2厅,85.34平米,南,32,未知, 五龙口 ,100,11718
《贝壳甄选》地铁口 不临高架 中间层 带车位 有钥匙,和昌澜景   ,3室2厅,88.93平米,南,34,未知, 儿童公园 ,120,13494
次新小区，人车分流，地铁1+5号线，刚需两房,宏江瀚苑   ,2室2厅,86.91平米,东,34,未知, 碧沙岗 ,110,12657
多层电梯洋房，户型方正、公摊小，不临高价，带储藏室,和昌湾景国际   ,2室2厅,71.19平米,东 南,6,未知, 儿童公园 ,118,16576
升龙天汇1号院 主城双气  精装修,升龙天汇1号院   ,3室2厅,87.28平米,南,34,未知, 五龙口 ,100,11458
互助路 两室一厅 总价低首付少 物业号 环境好 采光好,郑州工业贸易学校北家属院   ,2室1厅,74.24平米,南 北,6,未知, 王府井 ,114,15464
升龙天汇3号院  精致小两房，西南户 满五年没贷款,升龙天汇3号院   ,2室1厅,76平米,西南,32,未知, 五龙口 ,105,13816
绿都城 小3室 楼层好 地铁10号线 鸟巢 植物园 西流湖,郑州绿都城   ,3室1厅,89.26平米,南,18,未知, 中原万达 ,110,12324
地铁口 花园社区 多层 公摊小,郑州绿都城   ,3室2厅,89.41平米,南 北,6,未知, 中原万达 ,116,12974
宏江边户南北通透两房 有装修无贷款，业主诚售,宏江瀚苑   ,2室1厅,77.69平米,南 北,34,未知, 碧沙岗 ,100,12872
二环旁新小区 人车分流 看房随时业主急售,升龙天汇1号院   ,3室2厅,88.63平米,南,22,未知, 五龙口 ,118,13314
永威品质 主流方正户型 采光好 看房联系,永威泰和璟苑   ,3室2厅,88.87平米,南,34,未知, 常西湖 ,119,13447
农业路桐柏路  主城区 大两房 精装修 满五年，急卖,升龙天汇1号院   ,3室2厅,87.99平米,南,34,未知, 五龙口 ,112,12729
标准小三房    适合一家三代居住,煤炭设计院家属院南院   ,3室1厅,75.78平米,南 北,7,未知, 郑州晚报社 ,115,15176
满五唯一，装修很好，全屋中 央空调  业主一直自住,盛润锦绣城东院   ,2室1厅,77.09平米,西南,31,未知, 王府井 ,112,14529
升龙天汇七号院，89平毛坯3房满2诚心出售,升龙天汇七号院   ,3室1厅,89.22平米,南,33,未知, 月季公园 ,110,12330
三环内、锦艺旁、精装两室、18年次新小区,金水世纪城   ,2室1厅,81.03平米,南,33,未知, 五龙口 ,106,13082
满五唯一住房 2012年小区 业主诚心出售,九龙城天悦龙庭   ,2室2厅,86.81平米,南 北,24,未知, 五龙口 ,118,13593
三环内、锦艺旁、精装两室、18年次新小区,金水世纪城   ,2室1厅,81.03平米,南,33,未知, 五龙口 ,106,13082
业主急售，装修比较好，楼层好，满五不唯一,盛润锦绣城东院   ,2室1厅,77.09平米,南,31,未知, 王府井 ,105,13621
三环内 精装两室 不临高架 采光好,和昌澜景   ,2室2厅,75.33平米,南 北,20,未知, 儿童公园 ,108,14337
保利心语大两居室  中间楼层 满两年,保利心语一期   ,2室1厅,87.97平米,西北,33,未知, 中原万达 ,105,11936
居家优选 五室六室 三世同堂 看房方便,乾宏领秀   ,6室2厅,86.38平米,南 北,14,未知, 帝湖 ,112,12966
升龙天汇1号院 小三室 人车分流 位置好,升龙天汇1号院   ,3室1厅,87.89平米,南,34,未知, 五龙口 ,112,12744
满五唯一公园两房，地铁口，采光好，看房方便。房主自荐,公园壹号   ,2室2厅,86.16平米,南,33,未知, 儿童公园 ,110,12767
奥体旁，地铁口，永威开发一级物业，精致三房，急卖,永威泰和璟苑   ,3室2厅,88.81平米,南 北,30,未知, 常西湖 ,115,12949
锦绣城 前排标准两房 中高层 采光视野好 装修还可以,盛润锦绣城西院   ,2室2厅,78.02平米,南 北,32,未知, 王府井 ,120,15381
地铁口精装两房 格局方正，视野开阔 配套设施齐全,中原新城王府东院   ,2室1厅,89.11平米,南 北,34,未知, 郑州一中 ,115,12906
三环内万达旁 保利心语小两房 业主诚心出售,保利心语一期   ,2室1厅,76.9平米,南 北,34,未知, 中原万达 ,118,15345
锦艺89平南北 地暖 地铁1号5号线,锦艺国际华都博郡   ,3室1厅,88.14平米,北,34,未知, 热电厂 ,112,12708
龙腾西城，精装三房，全明户型，满五唯一，配套齐全！,九龙城龙腾西城   ,3室2厅,88.55平米,南 北,33,未知, 五龙口 ,115,12988
宏江精装修两室，采光好 视野好，拎包可入住,宏江瀚苑   ,2室1厅,86.79平米,东,34,未知, 碧沙岗 ,118,13597
五一公园 标准两室 07年双气 中间楼层,郑州国棉四厂   ,2室2厅,86.23平米,南,6,未知, 王府井 ,110,12757
三环内，央企保利开发，人车分流，环境优美，物业好,保利百合   ,2室2厅,86.92平米,东南,34,未知, 热电厂 ,106,12196
央企物业 功能间齐全布局合理居住舒适，房东诚意出售,保利心语一期   ,2室2厅,76.9平米,西北,34,未知, 中原万达 ,115,14955
升龙天汇九号院 精装双气小高层 产权清晰急售,升龙天汇9号院   ,3室1厅,89.41平米,南,26,未知, 月季公园 ,119,13377
中原万达旁 保利开发 朝南两居室 中间好楼层 随时看房,保利心语一期   ,2室2厅,82.64平米,南 西,34,未知, 中原万达 ,120,14521
满五年 人车分流 近地铁 业主诚心出售 南北通透小三房,保利百合   ,3室2厅,87.61平米,南 北,34,未知, 热电厂 ,118,13469
2016年的建成年代，双气西户，教育集中区房主自荐,启福尚都   ,2室2厅,78.88平米,南,32,未知, 中原万达 ,118,14960
保利心语，地铁十号线，万达西，公园旁,保利心语一期   ,2室1厅,88.12平米,东,34,未知, 中原万达 ,108,12257
客厅带阳台户型，好位置无遮挡，满五唯一房主自荐,正商金域世家   ,2室1厅,88.67平米,南,34,未知, 五龙口 ,115,12970
金水路次新洋房社区 全明户型  低楼层无遮挡采光好,正商金域世家   ,3室1厅,89.6平米,南,34,未知, 五龙口 ,108,12054
房子诚心出售，低楼层，环境优美，前面无遮挡，全款，,新禧园   ,2室2厅,89.81平米,西南,18,未知, 热电厂 ,118,13139
三环内人车分流小区西南边户，采光好装修好,九龙城龙腾西城   ,2室2厅,82.44平米,南,34,未知, 五龙口 ,110,13344
中原路，市政府旁。95年的房子，可商贷.,中原西路215号院   ,2室1厅,77.44平米,南,8,未知, 郑州晚报社 ,118,15238
两室精装 楼栋位置好，看房效果好,盛润锦绣城西院   ,2室1厅,75.89平米,南,32,未知, 王府井 ,100,13177
精装修 环境好 南北通透边户两房,领创天誉华庭   ,2室2厅,78.63平米,南 北,27,未知, 五龙口 ,115,14626
伊河路、19、满五唯一、南北通透、双气两房、中间楼层,林山寨村   ,2室1厅,81.44平米,南 北,7,未知, 郑州晚报社 ,115,14121
精装修 环境好 南北通透边户两房,领创天誉华庭   ,2室2厅,78.63平米,南 北,27,未知, 五龙口 ,115,14626
临西流湖公园，万达商圈，通透的三房,郑州绿都城   ,3室2厅,89.28平米,东,6,未知, 中原万达 ,105,11761
升龙天汇七号院  我嘞个乖乖 这房子可带劲啊,升龙天汇七号院   ,3室2厅,87.53平米,南,34,未知, 月季公园 ,113,13013
双地铁口，次新房，精装修，人车分流，环境好，中间层,紫韵丽园   ,3室2厅,89.25平米,南,33,未知, 中原万达 ,108,12101
奥体旁 标准大三房 户型方正  中间楼层,汇泉城5号院   ,3室2厅,88.4平米,南,34,未知, 常西湖 ,119,13519
锦艺三期，中高楼层，视野开阔，采光刺眼，精装修,锦艺国际华都（三期）月星家居广场   ,3室1厅,83.59平米,南,26,未知, 热电厂 ,113,13519
满五唯一，精装修，精品两房，业主诚心出售,百合里   ,2室1厅,88.98平米,南,28,未知, 五龙口 ,100,11239
房子通透户型，新社区环境好，人车分流适合居住。房主自荐,汇泉城5号院   ,3室2厅,88.97平米,南,34,未知, 常西湖 ,105,11802
此房不唯一，有个税，单机低，伊河路,中原新城学府小区   ,1室1厅,73.33平米,西,30,未知, 郑州晚报社 ,116,15819
万达商圈 精装修 朝南大两房 素质小区,昆仑华府   ,2室1厅,89.03平米,西南,18,未知, 中原万达 ,115,12917
锦艺旁洋房社区，精装修，拎包入住,正商金域世家   ,2室2厅,88平米,南,34,未知, 五龙口 ,115,13069
《贝壳优选》三环内 地铁口 不临高架 品质精装 采光好,和昌湾景国际   ,3室2厅,87.92平米,南,34,未知, 儿童公园 ,120,13649
华瑞紫韵城丽园 双地铁 人车分流 绿化好 精装修,紫韵丽园   ,3室2厅,88.36平米,南 北,33,未知, 中原万达 ,105,11884
满五唯一，全明户型，次新小区，交通便利,和昌湾景国际   ,2室2厅,81.58平米,南,34,未知, 儿童公园 ,115,14097
此房满五年，洋房，一梯两户，中间楼层，精装修，,正商明钻二期   ,2室1厅,89.06平米,南 北,6,未知, 五龙口 ,110,12352
互助路 单位家属院 多层双气 可公积金贷款,互助路18号院   ,2室2厅,71.51平米,南,6,未知, 王府井 ,115,16082
锦艺城   三室  棉纺路   双气   中间楼层,锦艺国际华都（三期）月星家居广场   ,3室1厅,83.59平米,南,26,未知, 热电厂 ,100,11964
升龙天汇七号院大两房 两卧朝南 小区人车分流,升龙天汇七号院   ,2室1厅,83.91平米,南 北,33,未知, 月季公园 ,115,13706
人车分流，18年次新房，精装修未住过，业主诚心出售,紫韵丽园   ,3室1厅,89.05平米,南,34,未知, 中原万达 ,120,13476
房子满五不唯一，2019年新装修。带大露台，,中原新城王府东院   ,2室2厅,84.56平米,南,33,未知, 郑州一中 ,108,12772
户型方正，业主诚心卖，楼层好，精装修,乾宏领秀   ,4室2厅,72.64平米,北,14,未知, 帝湖 ,120,16520
三环内 地铁口 低楼层 通透2房 安家好选择,启福中原   ,2室1厅,85.85平米,南 北,5,未知, 儿童公园 ,100,11649
锦艺纯南两房  景观楼层  全天采光,锦艺国际华都濠庭   ,2室1厅,86.13平米,南,29,未知, 热电厂 ,111,12888
小区人车分流次新小区，前面无遮挡，采光无影响,升龙天汇9号院   ,3室1厅,89平米,南,26,未知, 月季公园 ,115,12922
简装修，目前有租户，业主诚心出售，看房方便,保利心语一期   ,3室2厅,86.82平米,东,34,未知, 中原万达 ,100,11519
地铁口 次新房 精装修 人车分流 诚心出售 满五税费低,紫韵丽园   ,3室2厅,89.29平米,南,34,未知, 中原万达 ,120,13440
2014年的房子，3房通透，业主诚心出售，看房方便,方圆经纬社区   ,3室1厅,86.72平米,南,32,未知, 王府井 ,119,13723
三环内  双地铁  南北通透毛坯 满五唯一 视野开阔,和昌湾景国际   ,3室1厅,89.73平米,南 北,25,未知, 儿童公园 ,107,11925
方圆经纬 精装两房 中间楼层采光好 诚心出售 欢迎咨询,方圆经纬社区   ,2室2厅,84.52平米,南,31,未知, 王府井 ,108,12779
方圆经纬社区 2室2厅 南 北,方圆经纬社区   ,2室2厅,84.99平米,南 北,31,未知, 王府井 ,120,14120
三环内  双地铁  南北通透毛坯 满五唯一 视野开阔,和昌湾景国际   ,3室1厅,89.73平米,南 北,25,未知, 儿童公园 ,107,11925
南北两居 精装修 好楼层 保利开发,保利心语一期   ,2室1厅,85.77平米,南 北,33,未知, 中原万达 ,107,12476
此房不唯一，有个税，单机低，伊河路,中原新城学府小区   ,1室1厅,73.33平米,西,30,未知, 郑州晚报社 ,116,15819
方圆经纬 精装两房 中间楼层采光好 诚心出售 欢迎咨询,方圆经纬社区   ,2室2厅,84.52平米,南,31,未知, 王府井 ,108,12779
小高层小区，户型好双气两房，全部朝南全明户型,九龙城龙栖尚都   ,2室2厅,89.86平米,南,18,未知, 五龙口 ,102,11351
精装两室 诚心出售 看房方便楼层好,升龙天汇9号院   ,2室2厅,88.65平米,南 北,34,未知, 月季公园 ,100,11281
方圆经纬二期精装三居室，闹中取静，产权清晰随时可看,方圆经纬二期   ,2室2厅,77.73平米,南,32,未知, 王府井 ,110,14152
月季公园  双气3房 中间楼层 看房比较方便。,升龙天汇9号院   ,3室2厅,89.15平米,南 北,32,未知, 月季公园 ,105,11778
天誉龙邸，精装下沉复式，双卫可用面积大，配套齐全！,天誉龙邸北区   ,3室2厅,73.15平米,东 西,14,未知, 五龙口 ,114,15585
大两房改三房，2019年小区，人车分流，出行方便,金水世纪城   ,3室1厅,81.03平米,南 北,33,未知, 五龙口 ,108,13329
户型方正，采光好，洋房社区，精装修,正商金域世家   ,2室1厅,89.73平米,南,29,未知, 五龙口 ,105,11702
次新小区，人车分离，建通方便，双气带电梯,正商金域世家   ,2室1厅,89.33平米,东南,34,未知, 五龙口 ,108,12091
锦绣城84平精装三房 露台100多平方 诚心出售 有钥匙,盛润锦绣城东院   ,3室1厅,84.27平米,南,31,未知, 王府井 ,119,14122
朝南小三房，税费低，密度小，国企开发，居住素质高,梧桐新语   ,2室2厅,85.69平米,南,34,未知, 五龙口 ,103,12021
保利心语小区，人车分离，环境好，住户素质高,保利心语一期   ,2室2厅,88.12平米,东,34,未知, 中原万达 ,115,13051
户型方正，纯朝南户型，配套齐全,正商金域世家   ,2室1厅,89.59平米,南,34,未知, 五龙口 ,103,11520
房子户型方正，产权清晰，满五年税费低，精装拎包入住,正商明钻一期   ,2室1厅,87.57平米,南,27,未知, 五龙口 ,100,11420
金水路旁   次新小区 人车分流  户型方正 精装修 急售房主自荐,正商金域世家   ,2室2厅,89.38平米,南 北,34,未知, 五龙口 ,107,11972
锦艺旁，多层一楼，通透两室，近地铁，,棉纺西路小区   ,2室1厅,88.33平米,南 北,6,未知, 热电厂 ,108,12227
业主诚心出售，小区环境优美，人车分离，万达旁,保利心语一期   ,2室1厅,86.62平米,东,33,未知, 中原万达 ,110,12700
农业路旁 双气 精装 小三室 业主急售 可上育才,天誉龙邸北区   ,3室1厅,86.84平米,东,33,未知, 五龙口 ,100,11516
保利心语次新小区人车分流交通便利,保利心语一期   ,2室2厅,80.04平米,南,34,未知, 中原万达 ,120,14993
全款房，无户口，过户快，房屋保持干净，看房效果好,正商金域世家   ,2室2厅,89.3平米,南 北,34,未知, 五龙口 ,109,12207
经典小三房  农业路二环内 月季公园地铁站 育红,升龙天汇9号院   ,3室1厅,89.78平米,南,33,未知, 月季公园 ,100,11139
次新小区，双气电梯房，出门快速路，生活配套齐全,天誉龙邸北区   ,2室1厅,86.82平米,西,33,未知, 五龙口 ,100,11519
双地铁口 18年次新小区 人车分流 诚心出售房主自荐,紫韵景园   ,3室2厅,88.69平米,南 北,34,未知, 中原万达 ,105,11839
方圆经纬社区 2室1厅 南,方圆经纬社区   ,2室1厅,78.96平米,南,29,未知, 王府井 ,103,13045
17年人车分流，精装修，税费少，看房方便，拎包入住,升龙天汇9号院   ,3室2厅,89.15平米,南,32,未知, 月季公园 ,115,12900
房子满五年，业主自住，小高层居住舒服。,保利百合   ,2室1厅,80.53平米,南,13,未知, 热电厂 ,118,14653
龙腾西城，纯南户全明两房，满五唯一，配套齐全！,九龙城龙腾西城   ,2室2厅,89.76平米,南,34,未知, 五龙口 ,116,12924
大两房改三房，2019年小区，人车分流，出行方便,金水世纪城   ,3室1厅,81.03平米,南 北,33,未知, 五龙口 ,108,13329
方圆经纬二期精装三居室，闹中取静，产权清晰随时可看,方圆经纬二期   ,2室2厅,77.73平米,南,32,未知, 王府井 ,110,14152
天誉龙邸，精装下沉复式，双卫可用面积大，配套齐全！,天誉龙邸北区   ,3室2厅,73.15平米,东 西,14,未知, 五龙口 ,114,15585
奥体世纪旁 植物公园旁  高品质小区,永威泰和璟苑   ,3室2厅,88.76平米,南,34,未知, 常西湖 ,120,13520
碧沙岗公园 地铁1号线 小区环境好安静,盛润锦绣城西院   ,2室1厅,78.02平米,西北,32,未知, 王府井 ,110,14099
纯南小三房 业主急售  无遮挡  随时看房,升龙天汇1号院   ,3室1厅,88.63平米,南 北,33,未知, 五龙口 ,103,11622
12年小区，地铁口，出行方便，价位还可以再谈,清水湾   ,2室2厅,79.8平米,西,22,未知, 儿童公园 ,105,13158
交通便利，出行方便，产权清晰，户型方正，温馨舒适，,盛润锦绣城西院   ,2室1厅,82.43平米,南 北,32,未知, 王府井 ,119,14437
地铁口 永威泰和璟苑 89平方正毛坯三房 诚心出售,永威泰和璟苑   ,3室2厅,88.75平米,南 北,34,未知, 常西湖 ,105,11831
伊河路19两房，可商贷款，保养干净，业主诚心出售。,林山寨村   ,2室2厅,77.16平米,南 北,7,未知, 郑州晚报社 ,120,15553
此房已满五年 精装修可直接拎包入住 诚心出售,升龙天汇3号院   ,3室1厅,88.55平米,西,33,未知, 五龙口 ,103,11632
婚房装修，满五唯一，拎包入住.,九龙城龙腾西城   ,3室1厅,88.92平米,南 北,33,未知, 五龙口 ,100,11247
楼层好，视野开阔 全天采光 满五年唯一,锦艺国际华都濠庭   ,2室1厅,85.79平米,南 北,29,未知, 热电厂 ,120,13988
三环内 18年新小区 环境好 近地铁,五建新街坊1号院   ,3室1厅,88.04平米,南,33,未知, 热电厂 ,108,12268
建业开发，今年精装修交房 人车分离，楼层好，采光好,建业盛悦府   ,2室2厅,72.92平米,东,34,未知, 五龙口 ,105,14400
二环内精装修双气满五唯一业主诚心急售,中原新城观澜一号   ,2室1厅,86.93平米,北 南,32,未知, 电力新村 ,106,12194
此房满五，精装修采光好，前面没遮挡，看房方便,保利百合   ,2室1厅,79.17平米,西南,34,未知, 热电厂 ,116,14653
花园社区 近地铁 洋房带电梯 视野宽阔采光好,新禧园   ,2室2厅,79.8平米,南,18,未知, 热电厂 ,100,12532
升龙天汇九号院朝南双气两房 产权清晰,升龙天汇9号院   ,2室1厅,84.71平米,南,34,未知, 月季公园 ,118,13930
王 府西院 精装两房 满五唯一 不临大路 闹中取静房主自荐,中原新城王府西院   ,2室2厅,88.3平米,南,34,未知, 郑州一中 ,102,11552
业主诚心卖 毛坯房随意装修 价格还能商量 看房随时,金水世纪城   ,3室2厅,86.93平米,南,34,未知, 五龙口 ,110,12654
三环内，央企开发，人车分流次新小区，得房率高房主自荐,保利百合   ,2室1厅,86.57平米,南,32,未知, 热电厂 ,100,11552
地铁一号五一公园80平全新装修仅售115万看房方便,方圆经纬社区   ,2室1厅,79.11平米,南,31,未知, 王府井 ,108,13652
次新小区，城开绿园精装三室两厅拎包入住房主自荐,城开绿城绿园   ,3室2厅,87.89平米,东南,32,未知, 五龙口 ,107,12175
锦艺大两房，诚心出售，户型方正，视野开阔，看房方便,锦艺国际华都濠庭   ,2室1厅,85.79平米,南,29,未知, 热电厂 ,105,12240
次新小区 地铁口 户型方正 全款,五建新街坊5号院   ,3室1厅,89.36平米,南,34,未知, 热电厂 ,119,13317
纯南两房，户型好，采光不错，配套齐全，诚心出售,惠众西城一品   ,2室1厅,80.76平米,西南,33,未知, 热电厂 ,105,13002
23年新小区，位置好，楼层好，户型方正两室，急卖！,华润琨瑜府   ,2室2厅,80.53平米,南,34,未知, 热电厂 ,108,13412
业主诚心出售，精装修，小高层有钥匙，看房戴鞋套,保利百合   ,2室2厅,87.24平米,东南,14,未知, 热电厂 ,120,13756
农业高架 地铁五号线 简装双气两房 全明户型拎包入住房主自荐,升龙天汇9号院   ,2室2厅,77.77平米,东北,32,未知, 月季公园 ,105,13502
双气，次新小区，人车分流，南北朝向，带车位带地下室,运河上城   ,3室2厅,89.07平米,东,32,未知, 常西湖 ,109,12238
户型方正 品质高 物业负责 环境漂亮,永威金桂苑   ,3室2厅,89.3平米,南,30,未知, 常西湖 ,112,12542
永威西郡二期 一级物业 中高楼层 采光好,永威泰和璟苑   ,3室2厅,89.47平米,南,34,未知, 常西湖 ,105,11736
伊河路、94年可商贷、能停车、书香门第、有绿化,中原西路215号院   ,2室2厅,77.44平米,南 北,8,未知, 郑州晚报社 ,110,14205
户型方正，业主诚心出售，奥体旁，,永威金桂苑   ,3室2厅,89.57平米,南,29,未知, 常西湖 ,110,12281
不临高架 户型方正 好楼栋好楼层全新毛坯,汇泉城3号院   ,3室2厅,85.85平米,南 北,33,未知, 常西湖 ,102,11882
永威品质小区南看植物园北望大运河东挨奥体西邻地铁口,永威金桂苑   ,3室2厅,89.3平米,南,30,未知, 常西湖 ,105,11759
业主诚心出售，精装修，小高层有钥匙，看房戴鞋套,保利百合   ,2室2厅,87.24平米,东南,14,未知, 热电厂 ,120,13756
农业高架 地铁五号线 简装双气两房 全明户型拎包入住房主自荐,升龙天汇9号院   ,2室2厅,77.77平米,东北,32,未知, 月季公园 ,105,13502
品质小区 交通便利 配套齐全 花园社区,正商金域世家   ,2室2厅,89.55平米,南,34,未知, 五龙口 ,102,11391
房子地铁口三居室户型方正产权清晰,方圆经纬二期   ,3室1厅,82.65平米,南,33,未知, 王府井 ,114,13794
阳光花苑精装修，纯南户型大两房，,阳光花苑   ,2室2厅,89.27平米,南,24,未知, 中原万达 ,118,13219
林山寨 南北通透两室  双气 1996年,林山寨村   ,2室1厅,77.23平米,南 北,7,未知, 郑州晚报社 ,120,15539
地铁8号线（在建）建业开发业主急售精装修,建业盛悦府   ,2室1厅,72.92平米,东南,34,未知, 五龙口 ,110,15086
升龙天汇九号院 精装双气业主诚心出售 正常税,升龙天汇9号院   ,3室2厅,89.12平米,南,31,未知, 月季公园 ,110,12343
业主急售，装修比较好，楼层好，满五不唯一,盛润锦绣城西院   ,2室1厅,78.02平米,南 北,32,未知, 王府井 ,105,13459
农业路二环内 月季公园旁 育红 双气新小区 诚心出售,升龙天汇9号院   ,3室1厅,88.42平米,南 北,31,未知, 月季公园 ,108,12215
14年次新房，公园地铁口，采光视野好，配套齐交通方便,公园壹号   ,2室1厅,85.53平米,西南,33,未知, 儿童公园 ,101,11809
三环内主城区 次新小区人车分流 全新精装 拎包入住房主自荐,金水世纪城   ,2室1厅,76.39平米,东,32,未知, 五龙口 ,120,15709
方圆经纬花园 地铁五一公园 业主诚心出售 看房方便,方圆经纬社区   ,2室2厅,79.65平米,南,28,未知, 王府井 ,109,13685
外小 外中 融信奥体世纪 89平方正毛坯三房 诚心出售,融信融园   ,3室1厅,89.55平米,东南 南,34,未知, 常西湖 ,108,12061
三环内公园旁 次新小区 南北通透 精装修 拎包入住,百合里   ,2室2厅,89.1平米,南 北,28,未知, 五龙口 ,103,11561
天誉龙邸，精装两房，高配家具家电，诚心出售！,天誉龙邸南区   ,2室2厅,85.42平米,南,32,未知, 五龙口 ,103,12059
天誉龙邸，欧派精装两房，全明户型，交通便利！,天誉龙邸南区   ,2室2厅,85.97平米,西北,32,未知, 五龙口 ,103,11981
互小隔壁，三室一室 双气 精装修 三楼拎包入住 急售,互助路18号院   ,3室1厅,70.2平米,南 北,6,未知, 王府井 ,108,15385
绿都城   全明户型   满五唯一  配套齐全  看房有钥匙,郑州绿都城   ,2室2厅,74.77平米,东南,6,未知, 中原万达 ,105,14044
不临高架，中间楼层，采光好，自住装修好。,和昌澜景   ,3室2厅,88.27平米,东南,34,未知, 儿童公园 ,113,12802
三环内，电梯小高层，经典三小房，全明户型,和昌湾景国际   ,3室2厅,89.27平米,西南,11,未知, 儿童公园 ,110,12323
不临高架 无差额税  看房有钥匙,和昌澜景   ,3室1厅,88.7平米,南,34,未知, 儿童公园 ,114,12853
不临高架，次新小区，精装中间楼层，采光好,和昌澜景   ,3室2厅,88.94平米,南,23,未知, 儿童公园 ,110,12368
南北通透 高楼层，视野采光佳 次新房,溢彩年华   ,3室2厅,88.61平米,南 北,27,未知, 中原万达 ,113,12821
不临高架 没住过人 三开间朝南 6号线口房主自荐,和昌澜景   ,3室1厅,88.94平米,南,23,未知, 儿童公园 ,109,12256
三环内，家门口地铁6号线即将开通，生活配套齐全,和昌澜景   ,3室2厅,89.09平米,东南,34,未知, 儿童公园 ,102,11450
《贝壳优选》三环内 地铁6号线 只有契税 业主诚心出售,和昌澜景   ,3室1厅,88.07平米,南,34,未知, 儿童公园 ,110,12491
次新小区  得房率高  小三房  诚心出售,工人路187号   ,3室2厅,89.79平米,南,32,未知, 电力新村 ,116,12920
三环内 地铁口 不临高架 精装三方,和昌澜景   ,3室2厅,88.93平米,南,34,未知, 儿童公园 ,106,11920
不临高架 南北通透 中间楼层 6号线口,和昌澜景   ,2室1厅,76.24平米,南 北,33,未知, 儿童公园 ,105,13773
三环内 地铁口 不临高架 婚房装修 好楼层 采光无忧房主自荐,和昌澜景   ,3室1厅,88.97平米,东 南,28,未知, 儿童公园 ,119,13376
不临高架 满五唯一 带负一层车位 全南三室 6号线口,和昌澜景   ,3室1厅,88.99平米,南,30,未知, 儿童公园 ,115,12923
不临高架 温馨装修 急售 6号线口,和昌澜景   ,3室2厅,88.99平米,东南,30,未知, 儿童公园 ,108,12137
不临高架，6号线，人车分流，次新小区绿化好；,和昌澜景   ,3室2厅,89.5平米,南,32,未知, 儿童公园 ,115,12850
和昌澜景 楼栋安静  精装3房可拎包入住  距离地铁口近房主自荐,和昌澜景   ,3室2厅,88.63平米,南,34,未知, 儿童公园 ,110,12412
不临高架 自住宜居装修 看房随时 6号线口,和昌澜景   ,3室1厅,88.93平米,南,34,未知, 儿童公园 ,119,13382
不临高架 无差额税  看房有钥匙,和昌澜景   ,3室1厅,88.7平米,南,34,未知, 儿童公园 ,114,12853
和昌澜景，精装修自住，满五唯一，拎包入住,和昌澜景   ,3室1厅,88.93平米,南,34,未知, 儿童公园 ,113,12707
三环内，电梯小高层，经典三小房，全明户型,和昌湾景国际   ,3室2厅,89.27平米,西南,11,未知, 儿童公园 ,110,12323
三环边 地铁口  华瑞开发经典小三室,紫韵丽园   ,3室1厅,89.29平米,东南,34,未知, 中原万达 ,110,12320
不临高架 地暖精装 全屋订制 随时看房 6号线口,和昌澜景   ,3室1厅,88.74平米,南,28,未知, 儿童公园 ,105,11833
自住装修看房方便 新小区环境好 双地铁交通好,华瑞紫韵雅园   ,3室2厅,88.6平米,南,34,未知, 中原万达 ,110,12416
6号线地铁口  精装朝南3房 全明户型 可拎包入住,和昌澜景   ,3室1厅,88.07平米,南,34,未知, 儿童公园 ,105,11923
不临高架，中间楼层，采光好，自住装修好。,和昌澜景   ,3室2厅,88.27平米,东南,34,未知, 儿童公园 ,113,12802
客厅朝南带阳台 两梯四户 品质精装修 诚心出售,升龙天汇9号院   ,2室1厅,84.66平米,南,34,未知, 月季公园 ,108,12757
有钥匙，不临高架 小三房  楼层好,和昌澜景   ,3室2厅,88.63平米,南,34,未知, 儿童公园 ,115,12976
河景房 精装地暖 俯瞰三环夜景 6号线口,和昌澜景   ,3室1厅,88.16平米,南,27,未知, 儿童公园 ,115,13045
看房随时都可以 央企单位家属院 房子品质高,锦绣华北   ,2室2厅,89.16平米,南,17,未知, 中原万达 ,105,11777
满五唯一，拎包入住；好楼层，6号线,和昌澜景   ,3室1厅,89.09平米,南,34,未知, 儿童公园 ,105,11786
独栋独单元高层采光好宽敞大堂近双地铁,紫韵丽园   ,3室1厅,88.36平米,东南,33,未知, 中原万达 ,100,11318
三环内次新小区地铁口两房不临高架好楼层,和昌澜景   ,2室1厅,75.77平米,南 北,34,未知, 儿童公园 ,107,14122
邻近万达 ，18年3月份交房，小区环境好，人车分流,保利心语一期   ,2室2厅,82.43平米,东北,34,未知, 中原万达 ,100,12132
满五唯一，不临高架；全明户型，出门地铁,和昌澜景   ,3室1厅,88.91平米,南,34,未知, 儿童公园 ,105,11810
不临高架 没住过人 三开间朝南 6号线口房主自荐,和昌澜景   ,3室1厅,88.94平米,南,23,未知, 儿童公园 ,109,12256
三环内 地铁口 不临高架 精装三方,和昌澜景   ,3室2厅,88.93平米,南,34,未知, 儿童公园 ,106,11920
三环内地铁口不临高架低楼层全明户型,和昌澜景   ,3室1厅,88.27平米,南 北,34,未知, 儿童公园 ,102,11556
满五唯一，不临高架；全明户型，出门地铁,和昌澜景   ,3室1厅,88.91平米,南,34,未知, 儿童公园 ,105,11810
自住装修看房方便 新小区环境好 双地铁交通好,华瑞紫韵雅园   ,3室2厅,88.6平米,南,34,未知, 中原万达 ,110,12416
满五年，人车分流。采光好 户型好。视野好,惠众西城一品   ,2室1厅,80.99平米,东南,33,未知, 热电厂 ,105,12965
三环内洋房社区一楼带院一居室两厅一位品味独特的来,花语里   ,1室2厅,82.8平米,南 北,11,未知, 五龙口 ,109,13165
多层电梯洋房，北通透南，居住舒适度高，配套齐全,新禧园   ,2室2厅,80.85平米,南 北,7,未知, 热电厂 ,107,13235
精装修自住标准  采光不挡 业主诚意出售,方圆经纬社区   ,2室1厅,78.96平米,南,29,未知, 王府井 ,110,13932
一楼 客厅朝南带阳台 采光好 业主诚意出售,正商金域世家   ,2室1厅,88.63平米,南,34,未知, 五龙口 ,112,12728
：房子满五年唯一，中间楼层，采光好，配套齐全！,九龙国际   ,3室1厅,87.98平米,南,25,未知, 五龙口 ,105,11935
河景房 全屋定制 自住装修 6号线口,和昌澜景   ,3室1厅,88.04平米,南,34,未知, 儿童公园 ,115,13063
央企开发 无差额税 朝 南 的户型 采光好 业主诚心出售,保利百合   ,2室1厅,86.79平米,南,31,未知, 热电厂 ,107,12329
精装双气 人车分离小区 环境优美 采光好物业好,九龙城龙腾西城   ,3室1厅,88.55平米,东,33,未知, 五龙口 ,108,12197
精装修楼层好，采光好，产权清晰，诚心出售。,汇泉城3号院   ,3室1厅,87.02平米,南,33,未知, 常西湖 ,105,12067
中原万达旁 地铁口 央企保利开发 东南朝向 中间楼层,保利心语一期   ,2室2厅,84.41平米,东 南,34,未知, 中原万达 ,116,13743
诚心出售 锦艺城全明户型，满五年采光好 中间楼层,锦艺国际华都（三期）月星家居广场   ,3室2厅,86.68平米,南 北,26,未知, 热电厂 ,105,12114
全明户型，餐客一体，楼层好，视野开阔，光线充足。,保利百合   ,2室1厅,87.31平米,南,34,未知, 热电厂 ,100,11454
万达旁，2018年社区，精装两室 中间楼层，满五唯一房主自荐,保利心语一期   ,2室1厅,76.9平米,西 北,34,未知, 中原万达 ,103,13395
满五唯一，无贷款，业主诚心出售,盛润锦绣城东院   ,2室1厅,79.44平米,西南,31,未知, 王府井 ,105,13218
房子满五唯一，精装修，中间楼层，采光遮挡，随时可看,盛润锦绣城东院   ,2室1厅,79.44平米,北,31,未知, 王府井 ,113,14225
三环内  精装修 带车位 诚心出售 6号线地铁口,和昌澜景   ,3室1厅,88平米,东 南,34,未知, 儿童公园 ,113,12841
儿童公园旁 五号线 采光好 视野好 诚心卖 看房提前约,公园壹号   ,2室1厅,85.53平米,南,33,未知, 儿童公园 ,110,12861
满五唯一，产权清晰，诚心急售，价位可议，随时过户,盛润锦绣城西院   ,3室1厅,88.25平米,南,34,未知, 王府井 ,107,12125
梧桐新语，精装三房，全明户型，不临路，央企开发！,梧桐新语   ,3室2厅,85.69平米,南,34,未知, 五龙口 ,105,12254
金二环 主城区 精装修三居室 诚心出售 满五唯一,升龙天汇1号院   ,3室1厅,87平米,南,34,未知, 五龙口 ,105,12069
西三环 地铁口 次新小区 精装修 五建新街坊,五建新街坊1号院   ,2室2厅,79.85平米,南,33,未知, 热电厂 ,100,12524
业主诚心出售 2016年次新双气小区精装人车完全分流,升龙天汇3号院   ,3室2厅,87.94平米,南,32,未知, 五龙口 ,100,11372
精装自住三房 户型好 看房方便 诚心出售,五建新街坊1号院   ,3室2厅,88.04平米,东南,33,未知, 热电厂 ,100,11359
满五唯一 房屋精装修 随时联系随时看,金水世纪城   ,2室1厅,78.19平米,南 北,32,未知, 五龙口 ,100,12790
来看房!相中房子价位可谈，南北通透户型，好楼层！,锦艺国际华都（三期）月星家居广场   ,3室2厅,86.68平米,南 北,26,未知, 热电厂 ,110,12691
锦艺88平三居室 地暖 地铁1号和5号房主自荐,锦艺国际华都博郡   ,3室2厅,88.29平米,南,34,未知, 热电厂 ,116,13139
梧桐新语，精装三房，全明户型，不临路，央企开发！,梧桐新语   ,3室2厅,85.69平米,南,34,未知, 五龙口 ,105,12254
满五唯一，产权清晰，诚心急售，价位可议，随时过户,盛润锦绣城西院   ,3室1厅,88.25平米,南,34,未知, 王府井 ,107,12125
西城一品纯南两房 景观楼层 全天采光 业主诚心出售,惠众西城一品   ,2室2厅,80.99平米,南,33,未知, 热电厂 ,115,14200
永威自持物业 品质保证 主流方正户型 下沉式庭院,永威泰和璟苑   ,3室2厅,88.81平米,西南,30,未知, 常西湖 ,120,13512
金二环 主城区 精装修三居室 诚心出售 满五唯一,升龙天汇1号院   ,3室1厅,87平米,南,34,未知, 五龙口 ,105,12069
精装自住三房 户型好 看房方便 诚心出售,五建新街坊1号院   ,3室2厅,88.04平米,东南,33,未知, 热电厂 ,100,11359
满五年 精装修 看房方便 采光好 视野充足房主自荐,保利百合   ,3室2厅,87.99平米,南 北,34,未知, 热电厂 ,120,13638
业主诚心出售 2016年次新双气小区精装人车完全分流,升龙天汇3号院   ,3室2厅,87.94平米,南,32,未知, 五龙口 ,100,11372
西三环 地铁口 次新小区 精装修 五建新街坊,五建新街坊1号院   ,2室2厅,79.85平米,南,33,未知, 热电厂 ,100,12524
金二环，通透三室 精装修拎包入住 看房方便,领创天誉华庭   ,2室1厅,87.8平米,西南,34,未知, 五龙口 ,115,13098
三环内，次新小区，2016年建成，小三房，业主诚心出售,栖湖怡家   ,3室2厅,89.25平米,南 北,34,未知, 热电厂 ,100,11205
满五年税费低，精装修，拎包入住，全明户型，采光好,晶华城西区   ,3室1厅,70.46平米,南,18,未知, 五龙口 ,110,15612
满五年唯一 产权清晰 双气朝南 地铁1号线秦岭路站,金源第一城   ,2室2厅,72.6平米,东南,14,未知, 热电厂 ,100,13775
两梯三户，满五唯一省税，户型采光好，不临街不临路房主自荐,九龙城龙栖尚都   ,2室1厅,87.19平米,南,18,未知, 五龙口 ,110,12617
金二环优质社区，绿城物业，人才分流,城开绿城绿园   ,3室1厅,87.89平米,南 北,32,未知, 五龙口 ,120,13654
此房满五唯一，税费少，户型朝南，采光面宽,九龙城龙栖尚都   ,2室1厅,76.3平米,南 北,18,未知, 五龙口 ,107,14024
金二环，次新小区，多出面积20平左右,城开绿城绿园   ,3室2厅,83.66平米,南 北,32,未知, 五龙口 ,106,12671
万达西，地铁口，央企开发，保利物业，人车分流环境好,保利心语一期   ,3室1厅,85.46平米,南,34,未知, 中原万达 ,105,12287
小高层，精装小三房，年代新，价格低，压力小,和昌澜景   ,3室1厅,88.94平米,南,23,未知, 儿童公园 ,109,12256
邮局家属院，低楼层房出售，安静，适合居住,梦园新村   ,2室1厅,89.92平米,南,7,未知, 五龙口 ,105,11678
万达旁保利央企 无抵押全明小两房 业主诚心出售,保利心语一期   ,2室2厅,82.43平米,东北,34,未知, 中原万达 ,108,13103
满五唯一  纯南户 采光好 交通便利,和昌澜景   ,3室1厅,88.04平米,南,34,未知, 儿童公园 ,103,11700
互助路文化宫路 地铁口5号线10号线1号线 两室 年代新,中原工学院家属院   ,2室1厅,79.68平米,南,7,未知, 王府井 ,105,13178
双气急售！！精装修，好楼层，视野开阔拎包入住！！,聚龙花园   ,2室2厅,87.22平米,南 北,18,未知, 儿童公园 ,103,11810
此房带院子 户型方正 看房方便,清城美苑   ,2室1厅,87.02平米,南 北,7,未知, 五龙口 ,103,11894
经典三室 满二 税少  好楼层 视野开阔 看房方便,永威金桂苑   ,3室2厅,89.3平米,南,30,未知, 常西湖 ,110,12319
中海旁，阳光城精装两房 小高层 自住装修 不临高架,阳光城丽景公馆南苑   ,2室2厅,73.03平米,东南,11,未知, 中原万达 ,118,16158
中高楼层，采光好，家具家电齐全，诚信出售,盛润锦绣城西院   ,2室1厅,82.43平米,南 北,32,未知, 王府井 ,120,14558
金二环优质社区，绿城物业，人才分流,城开绿城绿园   ,3室1厅,87.89平米,南 北,32,未知, 五龙口 ,120,13654
两梯三户，满五唯一省税，户型采光好，不临街不临路房主自荐,九龙城龙栖尚都   ,2室1厅,87.19平米,南,18,未知, 五龙口 ,110,12617
三环内，次新小区，2016年建成，小三房，业主诚心出售,栖湖怡家   ,3室2厅,89.25平米,南 北,34,未知, 热电厂 ,100,11205
户型方正，地暖入户，配套成熟，,锦艺国际华都博郡   ,3室2厅,88.29平米,南,34,未知, 热电厂 ,103,11667
满五年唯一 产权清晰 双气朝南 地铁1号线秦岭路站,金源第一城   ,2室2厅,72.6平米,东南,14,未知, 热电厂 ,100,13775
满五唯一 房屋精装修 随时联系随时看,金水世纪城   ,2室1厅,78.19平米,南 北,32,未知, 五龙口 ,100,12790
满五年税费低，精装修，拎包入住，全明户型，采光好,晶华城西区   ,3室1厅,70.46平米,南,18,未知, 五龙口 ,110,15612
国企开发，品质小区，精装三房，诚心出售,梧桐新语   ,3室1厅,85.69平米,南,34,未知, 五龙口 ,100,11670
主城区14年品质小区，人车分流 保利物业 精装修房主自荐,保利百合   ,2室2厅,86.57平米,南,31,未知, 热电厂 ,115,13285
满五唯一  纯南户 采光好 交通便利,和昌澜景   ,3室1厅,88.04平米,南,34,未知, 儿童公园 ,103,11700
互助路文化宫路 地铁口5号线10号线1号线 两室 年代新,中原工学院家属院   ,2室1厅,79.68平米,南,7,未知, 王府井 ,105,13178
农业路 五龙口  精装两室 采光好 业主诚心出售,九龙城龙腾西城   ,2室2厅,84.11平米,南 西,33,未知, 五龙口 ,113,13435
城开绿园 南北通透 精装修 全屋定制 业主急售,城开绿城绿园   ,3室2厅,87.89平米,南 北,32,未知, 五龙口 ,103,11720
锦艺城旁，20万精装，满五唯一，全款房,惠众西城一品   ,2室1厅,80.76平米,南,33,未知, 热电厂 ,110,13621
满五唯一，全明纯南向户型，采光好，5.4米*大阳台房主自荐,中原新城王府东院   ,2室2厅,84.56平米,南,33,未知, 郑州一中 ,100,11826
出门农业路高架 全南 小三房 采光无遮挡 业主诚心急售,梧桐新语   ,3室1厅,89.57平米,南,23,未知, 五龙口 ,105,11723
人车分流，小区楼间距75米，楼层好，采光好,万达广场东西区   ,2室2厅,84.77平米,南,33,未知, 中原万达 ,105,12387
正商颖河港湾 满五年 朝南两房 客厅带阳台 看房有钥匙,正商颖河港湾   ,2室1厅,87.98平米,南,18,未知, 中原万达 ,105,11935
升龙天汇10号院 精装修 满五年唯一 诚心出售随时看房,升龙天汇10号院   ,2室2厅,84.75平米,东南,33,未知, 月季公园 ,102,12036
永威二期 中间好楼层 业主诚心出售,永威泰和璟苑   ,3室2厅,88.81平米,南 北,30,未知, 常西湖 ,115,12949
21年次新房小区，永威物业，环境好，品质好，配套齐,永威泰和璟苑   ,3室2厅,88.81平米,南,30,未知, 常西湖 ,115,12949
中原万达，地铁口，中间楼层。可以拎包入住,万达广场东西区   ,2室2厅,89.84平米,南,33,未知, 中原万达 ,109,12133
精装修，温馨边户小三室，业主诚心出售,汇泉城2号院   ,3室2厅,87.95平米,南 北,34,未知, 常西湖 ,100,11371
万达旁，小区环境优美，人车分离，交通便利。,保利心语一期   ,2室1厅,82.43平米,东 北,34,未知, 中原万达 ,100,12132
三环内金水西路19年次新小区 精装三室 诚心出售,金水世纪城   ,3室2厅,87.21平米,南,34,未知, 五龙口 ,109,12499
惠众西城一品 2室2厅 南,惠众西城一品   ,2室2厅,88.22平米,南,31,未知, 热电厂 ,108,12243
次新小区 精装修 标准三房 拎包入住 满五唯一房主自荐,九龙国际   ,3室2厅,86.63平米,西,33,未知, 五龙口 ,103,11890
地铁五号线  中原新城经典户型小高层  客厅朝南带阳台,中原新城王府西院   ,2室2厅,85.68平米,南,11,未知, 郑州一中 ,120,14006
奥体旁 近地铁 永威品质 小三房 户型好,永威金桂苑   ,3室2厅,89.3平米,南 北,30,未知, 常西湖 ,105,11759
金二环地铁口 精装修朝南两房 客厅朝南主卧朝南,中原新城王府东院   ,2室1厅,89.22平米,东南,34,未知, 郑州一中 ,100,11209
地铁口5号线 陇海西路 中原新城  经典两房  二环边,中原新城王府东院   ,2室2厅,88.26平米,南,34,未知, 郑州一中 ,105,11897
地铁口5号线 中原新城 朝南两室 大阳台,中原新城王府东院   ,2室2厅,89.22平米,南,34,未知, 郑州一中 ,100,11209
满五年+无贷款+无抵押+楼层好+采光充足+业主诚售,保利百合   ,2室2厅,79.17平米,南,34,未知, 热电厂 ,115,14526
中原万达旁 二砂地铁口 70米间距 人车分流 精装大两居,万达广场东西区   ,2室1厅,89.84平米,南,33,未知, 中原万达 ,108,12022
采光好  户型方正 不浪费面积  温馨两房,惠众西城一品   ,2室2厅,80.76平米,南,33,未知, 热电厂 ,110,13621
晶华城，配套齐全，经典三室，三面采光,晶华城   ,3室1厅,84.41平米,东 南 北,27,未知, 五龙口 ,120,14217
次新小区，人车分流，新装修小三房，拎包入住,金水世纪城   ,3室2厅,86.91平米,南,34,未知, 五龙口 ,120,13808
三环内 次新小区  高品质 中间楼层 业主诚心卖,金水世纪城   ,2室2厅,78.71平米,南,32,未知, 五龙口 ,100,12705
次新小区人车分流纯南户不受高架影响,华龙苑   ,2室1厅,80.63平米,南,23,未知, 儿童公园 ,101,12527
阳光花苑三期房子 人车分流 2018年的社区 次新房,阳光花苑   ,2室2厅,88.79平米,南,26,未知, 中原万达 ,120,13516
电力医院单位房双气电梯 2房2厅可贷款位置好 二环内,河南电力医院家属区   ,2室2厅,87.07平米,南 北,7,未知, 电力新村 ,110,12634
金水西路洋房高品质社区，环境优雅，户型采光好税费少,正商金域世家   ,2室2厅,89.93平米,南 北,34,未知, 五龙口 ,109,12121
采光足+楼层好+地铁口+有钥匙+随时看房,五建新街坊5号院   ,3室2厅,88.01平米,南,33,未知, 热电厂 ,120,13635
碧沙岗丹尼斯旁！地铁1号线 花园社区 人车分流 精装修,宏江瀚苑   ,2室1厅,75.21平米,南 北,34,未知, 碧沙岗 ,116,15424
价格优美，三开间朝南，户型优质，采光充足，配套齐全,正商金域世家   ,2室1厅,88.63平米,南,34,未知, 五龙口 ,117,13201
人车分流小区，环境好 采光好 绿化高，诚心售,正商金域世家   ,2室1厅,89.79平米,南,34,未知, 五龙口 ,112,12474
改善性洋房社区小高层，一梯两户，精装修拎包入住,花语里   ,2室2厅,89.37平米,南 北,18,未知, 五龙口 ,109,12197
农业路 金二环 全明三居 次新小区人车分流,升龙天汇3号院   ,3室1厅,88.55平米,西,33,未知, 五龙口 ,100,11294
地铁口2017年次新小区精装修两居室，诚心出售,宏江瀚苑   ,2室2厅,86.5平米,南,34,未知, 碧沙岗 ,110,12717
奥体旁，三开间朝南 满二税费少 全天采光，连通阳台,永威泰和璟苑   ,3室2厅,88.76平米,东南,34,未知, 常西湖 ,108,12168
双气地暖精装大两房 满五唯一 看房有钥匙 随时看房房主自荐,宏江瀚苑   ,2室1厅,86.91平米,东,34,未知, 碧沙岗 ,113,13002
永威金桂苑 价格划算的一套精装修小户型 太适合结婚房主自荐,永威金桂苑   ,3室2厅,89.3平米,南,30,未知, 常西湖 ,107,11983
农业高架 地铁五号线 精装双气 小三房 楼层好 采光好房主自荐,升龙天汇9号院   ,3室2厅,89.93平米,南,33,未知, 月季公园 ,118,13122
锦艺旁 毛坯两房 双地铁双公园 大型商场 随时看房,方圆经纬二期   ,2室1厅,78平米,南,32,未知, 王府井 ,104,13334
洋房社区 好楼层 客厅朝南带阳台 无贷款 看房有钥匙,正商金域世家   ,2室2厅,88.67平米,南,34,未知, 五龙口 ,105,11842
前年精装 南向采光视野无遮挡 客厅装的风管机房主自荐,郑州绿都城   ,3室2厅,89.1平米,南,18,未知, 中原万达 ,118,13244
华瑞紫韵城    三 室 两    厅,紫韵丽园   ,3室2厅,89.25平米,南,33,未知, 中原万达 ,108,12101
次新小区双地铁 中高楼层视野开阔 三开间朝南,华瑞紫韵雅园   ,3室1厅,88.6平米,南 北,34,未知, 中原万达 ,110,12416
此房满五唯一，看房方便，诚心出售,工人路社区   ,3室1厅,89.81平米,南,5,未知, 电力新村 ,105,11692
精装朝南双气两房 中间好楼层 产权清晰,升龙天汇七号院   ,2室1厅,83.91平米,南,33,未知, 月季公园 ,120,14302
低层老人小孩宜居工作方便双地铁三居,紫韵丽园   ,3室2厅,89.09平米,南 西南,33,未知, 中原万达 ,103,11562
前年精装 南向采光视野无遮挡 客厅装的风管机房主自荐,郑州绿都城   ,3室2厅,89.1平米,南,18,未知, 中原万达 ,118,13244
精装朝南双气两房 中间好楼层 产权清晰,升龙天汇七号院   ,2室1厅,83.91平米,南,33,未知, 月季公园 ,120,14302
房子精装修，楼层好 ，采光视野好,和昌湾景国际   ,2室2厅,81.62平米,南 西,34,未知, 儿童公园 ,102,12497
2019年次新小区 精装小三房 高楼层视野好满二税费少,升龙天汇七号院   ,3室2厅,89.77平米,南,34,未知, 月季公园 ,109,12143
电梯洋房，精装三房，配套齐全，交通便利！,九龙城龙腾西城   ,2室1厅,88.98平米,南,6,未知, 五龙口 ,120,13487
此房满五唯一，看房方便，诚心出售,工人路社区   ,3室1厅,89.81平米,南,5,未知, 电力新村 ,105,11692
三环内，地铁口，纯南户型小三房，带车位，不临高架,和昌澜景   ,3室1厅,88.4平米,南,34,未知, 儿童公园 ,120,13575
精装朝南三房，采光视野无遮挡，装修保持较好,九龙城龙腾西城   ,3室2厅,86.51平米,南,33,未知, 五龙口 ,103,11907
不临高架，业主诚心出售，自住、看房方便,和昌澜景   ,3室2厅,88.93平米,南,34,未知, 儿童公园 ,110,12370
华瑞紫韵城    三 室 两    厅,紫韵丽园   ,3室2厅,89.25平米,南,33,未知, 中原万达 ,108,12101
惠众西城一品  标准两室 全明户型 满五唯一 交通方便,惠众西城一品   ,2室2厅,80.76平米,南,33,未知, 热电厂 ,115,14240
央企开发，人车分流，小区中间位置采光无遮挡。,保利百合   ,2室2厅,88.54平米,南,34,未知, 热电厂 ,101,11464
急卖大两房，户型好，品质小区，环境优美，配套齐全,正商金域世家   ,2室2厅,88.63平米,南,34,未知, 五龙口 ,111,12524
洋房社区 好楼层 客厅朝南带阳台 无贷款 看房有钥匙,正商金域世家   ,2室2厅,88.67平米,南,34,未知, 五龙口 ,105,11842
次新小区双地铁 中高楼层视野开阔 三开间朝南,华瑞紫韵雅园   ,3室1厅,88.6平米,南 北,34,未知, 中原万达 ,110,12416
陇海路地铁5号线 户型方正 采光好,中原新城王府东院   ,2室2厅,88.3平米,南,34,未知, 郑州一中 ,105,11892
业主诚意出售，满五年不唯一，正常税费,盛润锦绣城东院   ,2室1厅,79.44平米,南,31,未知, 王府井 ,108,13596
满五唯一 税费少 无抵押 过户简单 户型方正 交通便利,六冶家属院南院   ,3室1厅,87.53平米,南,7,未知, 电力新村 ,102,11654
次新房 封闭管理一级物业 采光好 方正三室 5公园相伴,金水世纪城   ,3室2厅,86.82平米,南,33,未知, 五龙口 ,120,13822
正商金域世家 高层好户型 采光刺眼 家具家电齐全。,正商金域世家   ,2室2厅,88.63平米,南,34,未知, 五龙口 ,115,12976
园林小区客厅朝南大两房格局好采光好,正商金域世家   ,2室2厅,88.67平米,南,34,未知, 五龙口 ,105,11842
九龙城龙栖尚都 方正户型 精装修 上学近 采光好,九龙城龙栖尚都   ,2室2厅,87.32平米,南 北,18,未知, 五龙口 ,100,11453
三环内新小区 人车分离 正弘一级物业管理！,金水世纪城   ,3室2厅,86.5平米,南,34,未知, 五龙口 ,112,12948
三环内 90平小三房 中间楼层 双地铁 锦艺、西元国际,金水世纪城   ,3室2厅,86.52平米,南,34,未知, 五龙口 ,110,12714
三环内 地铁口 不临高架  三室朝南 适合老人居住,和昌澜景   ,3室1厅,88.93平米,南,34,未知, 儿童公园 ,115,12932
万达旁 精装修两室，拎包 入住，随时看房,阳光城丽景公馆北苑   ,2室2厅,76平米,东北,31,未知, 中原万达 ,107,14079
锦艺旁，金水路，洋房社区，精装修，拎包入住,正商金域世家   ,2室2厅,89.84平米,南 北,34,未知, 五龙口 ,115,12801
正商百合里 纯南两室 精装修 诚心出售,百合里   ,2室2厅,87.86平米,南,28,未知, 五龙口 ,102,11610
三环内新小区，人车分离　朝南小三室　好楼层，诚心卖,金水世纪城   ,3室2厅,88.21平米,南 北,34,未知, 五龙口 ,108,12244
正商百合里 纯南两室 精装修 诚心出售,百合里   ,2室2厅,87.86平米,南,28,未知, 五龙口 ,102,11610
三环内 地铁口 不临高架  三室朝南 适合老人居住,和昌澜景   ,3室1厅,88.93平米,南,34,未知, 儿童公园 ,115,12932
业主诚心出售，精装修，楼层好， 前面无遮挡,紫韵景园   ,3室2厅,88.55平米,南 北,30,未知, 中原万达 ,106,11971
精装修  落地窗  三开间朝南  中间楼层  诚心出,城开绿城绿园   ,3室1厅,89.63平米,南,32,未知, 五龙口 ,117,13054
正商2房纯边户，好楼层，两梯两户 电梯小高层 采光好,花语里   ,2室2厅,89.36平米,北 南,18,未知, 五龙口 ,106,11863
西三环，万达商圈，成熟配套，业主诚心出售,景悦城2号院   ,3室2厅,89.39平米,东南,34,未知, 中原万达 ,110,12306
全明户型绿化好人车分流出行方便,景悦城2号院   ,3室2厅,89.4平米,南 北,34,未知, 中原万达 ,109,12193
观澜小区纯南小三房，全明户型，好楼层，诚意出售,工人路187号   ,3室1厅,89.79平米,北 南,32,未知, 电力新村 ,105,11694
正商金域世家 精装修两房 景观楼层采光好  诚心出售,正商金域世家   ,2室1厅,88.67平米,南,34,未知, 五龙口 ,120,13534
锦艺三期年代新，满五唯一，新装修未入住，随时看房,惠众西城一品   ,2室2厅,88.22平米,西南 南,31,未知, 热电厂 ,104,11789
《精选》地铁口 不临高架 婚房精装+地暖  诚心出售,和昌澜景   ,3室1厅,89.73平米,南,32,未知, 儿童公园 ,110,12259
2023年新小区中间楼层采光好楼下底商出行方便！,景悦城2号院   ,3室2厅,89.45平米,南,34,未知, 中原万达 ,106,11851
新天地，纯南小三房，地梯口，好楼层，精装修拎包入住,中原新城新天地小区   ,3室1厅,88.09平米,南,31,未知, 电力新村 ,107,12147
《贝壳优选》三环内 次新小区 南北通透 精装 近地铁,和昌湾景国际   ,3室1厅,88.25平米,南 北,34,未知, 儿童公园 ,110,12465
双地铁 南向无遮挡 可看鸟巢 视野开阔,华瑞紫韵星园   ,3室2厅,89.22平米,东南,30,未知, 中原万达 ,105,11769
新小区 人车分流 东南户 小三房 全明户型 采光好 满二,景悦城2号院   ,3室2厅,89.87平米,南,34,未知, 中原万达 ,103,11461
2023年新小区，采光好，出行方便，万达商圈,景悦城2号院   ,3室2厅,89.18平米,南,34,未知, 中原万达 ,120,13456
中原万达旁 三环内2020年双气精装人车分流 经典小三房,阳光城丽景公馆南苑   ,3室2厅,89.05平米,南,34,未知, 中原万达 ,120,13476
新小区，人车分流，近万达，出行方便,汇泉景悦城1号院   ,3室2厅,89.11平米,东南 西南,34,未知, 中原万达 ,109,12233
户型方正，中间楼层采光好，6号地铁口，出行方便。,盛世卧龙城北院   ,2室2厅,88.82平米,南,34,未知, 儿童公园 ,118,13286
二环旁次新小区业主诚心卖 看房方便. 中间楼层采光好,城开绿城绿园B区   ,3室2厅,88.78平米,东 南 北,32,未知, 五龙口 ,107,12053
保利心语一期，低总价小三房，随时可看,保利心语一期   ,3室1厅,85.37平米,南,34,未知, 中原万达 ,103,12066
业主急售  改善小区  次新现房精装修  可拎包入住,阳光城丽景公馆南苑   ,3室2厅,89.35平米,南,34,未知, 中原万达 ,120,13431
地铁口，三环边主城区新小区，万达旁,汇泉景悦城1号院   ,3室2厅,88.56平米,南,34,未知, 中原万达 ,110,12421
三环内 地铁口 次新小区精装三房,和昌澜景   ,3室1厅,85.95平米,南,34,未知, 儿童公园 ,120,13962
中原新城新天地，二环内，地铁5号线旁，纯南大两房,中原新城新天地小区   ,2室1厅,84.89平米,东南,31,未知, 电力新村 ,120,14136
朝南精装2房 带车位 带露台 双气 非顶楼,全威锦园   ,2室2厅,86.42平米,南,18,未知, 月季公园 ,100,11572
房子精装修，满五不唯一，室内光线好，格局好,万达广场东西区   ,2室2厅,89.07平米,南,33,未知, 中原万达 ,116,13024
汝河路段，近万达，和昌澜景，精装小三房，次新小区，,和昌澜景   ,3室1厅,89.88平米,南 北,33,未知, 儿童公园 ,109,12128
全明户型 精装修 绿化好 人车分流 年代新 万达商圈,阳光城丽景公馆南苑   ,2室2厅,78.39平米,东,11,未知, 中原万达 ,100,12757
地铁10号线小区中间位置，满五小区人车分流，成熟社区,万达广场东西区   ,2室1厅,84.77平米,南,33,未知, 中原万达 ,108,12741
人车分流，地铁口，满五唯一，诚心出售,永威西苑   ,3室1厅,89.7平米,西南,15,未知, 儿童公园 ,108,12041
全明户型 精装修 绿化好 人车分流 年代新 万达商圈,阳光城丽景公馆南苑   ,2室2厅,78.39平米,东,11,未知, 中原万达 ,100,12757
升龙天汇7号院 精装未住3房 采光充足 看房有钥匙,升龙天汇七号院   ,3室1厅,88.48平米,南,33,未知, 月季公园 ,108,12207
汝河路段，近万达，和昌澜景，精装小三房，次新小区，,和昌澜景   ,3室1厅,89.88平米,南 北,33,未知, 儿童公园 ,109,12128
业主急售  改善小区  次新现房精装修  可拎包入住,阳光城丽景公馆南苑   ,3室2厅,89.35平米,南,34,未知, 中原万达 ,120,13431
三环内 地铁口 次新小区精装三房,和昌澜景   ,3室1厅,85.95平米,南,34,未知, 儿童公园 ,120,13962
房子精装修，满五不唯一，室内光线好，格局好,万达广场东西区   ,2室2厅,89.07平米,南,33,未知, 中原万达 ,116,13024
地铁口，三环边主城区新小区，万达旁,汇泉景悦城1号院   ,3室2厅,88.56平米,南,34,未知, 中原万达 ,110,12421
中原新城新天地，二环内，地铁5号线旁，纯南大两房,中原新城新天地小区   ,2室1厅,84.89平米,东南,31,未知, 电力新村 ,120,14136
户型方正，两卧室朝南，有落地阳台，采光好，拎包入住,保利心语一期   ,2室1厅,82.64平米,南,34,未知, 中原万达 ,110,13311
西三环，万达商圈，成熟配套，业主诚心出售,景悦城2号院   ,3室2厅,89.39平米,东南,34,未知, 中原万达 ,110,12306
朝南精装2房 带车位 带露台 双气 非顶楼,全威锦园   ,2室2厅,86.42平米,南,18,未知, 月季公园 ,100,11572
一层带院 73 可商贷 地铁五号线 停车方便,万福花园   ,2室2厅,84.87平米,南 北,7,未知, 儿童公园 ,103,12137
08年双气小区，永威物业，双地铁，多层小区，环境优美,永威鑫城   ,2室2厅,89.63平米,南 北,6,未知, 儿童公园 ,120,13389
金域世家   次新房小区  绿化好   通透两房  毛坯,正商金域世家   ,2室2厅,89.96平米,南 北,29,未知, 五龙口 ,115,12784
和昌湾景，三环内，地铁口，次新小区，业主诚心卖房。,和昌湾景国际   ,3室2厅,87.92平米,南,34,未知, 儿童公园 ,110,12512
满五唯一，完全人车分流的小区，保利物业,保利百合   ,3室2厅,89.3平米,南 北,34,未知, 热电厂 ,115,12878
三环内精装修两室，全屋定制，亚新一级物业,郑地璞园   ,2室2厅,89.9平米,南,33,未知, 五龙口 ,116,12904
万达旁 三环边 新小区 地铁口业主很诚心,景悦城2号院   ,3室2厅,89.26平米,南 北,34,未知, 中原万达 ,120,13444
西三环次新小区新装修 万达旁 西流湖公园 人车分流,景悦城2号院   ,3室2厅,89.38平米,东南,34,未知, 中原万达 ,114,12755
三环边次新房小区，人车分流，全明户型,汇泉景悦城1号院   ,3室2厅,88.73平米,南,34,未知, 中原万达 ,108,12172
户型方正，装修好，楼层好，采光充足。,盛世卧龙城北院   ,2室1厅,88.82平米,南,34,未知, 儿童公园 ,109,12273
保利物业，精装两居室，拎包即可入住,保利心语一期   ,2室1厅,86.62平米,东北,33,未知, 中原万达 ,116,13392
小区少见大六房，唯一住房，户型方正，业主诚心卖。,乾宏领秀   ,6室1厅,86.38平米,南,14,未知, 帝湖 ,103,11925
地铁口 华瑞通透小三房 满两年 看房有钥匙,紫韵丽园   ,3室2厅,89.29平米,南,34,未知, 中原万达 ,105,11760
三环边，万达旁，业主诚心出售，近地铁,景悦城2号院   ,3室2厅,89.67平米,南,34,未知, 中原万达 ,109,12156
好楼层，诚心出售，房型方正，可以谈,领创天誉华庭   ,2室1厅,78.18平米,南,27,未知, 五龙口 ,110,14071
双地铁 小区人车分流 小高层社区 经典户型 双气,70年代尚景小区   ,2室1厅,85.46平米,南,15,未知, 儿童公园 ,105,12287
永威品质 酒店式入户大堂 下沉式庭院 随时看房,永威泰和璟苑   ,3室2厅,88.94平米,南 北,34,未知, 常西湖 ,105,11806
永威西苑4号楼不临路，品质物业，安静不吵，诚意出售,永威西苑   ,3室2厅,89.7平米,南,15,未知, 儿童公园 ,112,12487
汇泉1期 三室精装一天未住 好楼层 不临高架 出入方便,汇泉城一号院   ,3室1厅,87.92平米,南,24,未知, 常西湖 ,117,13308
一层带院 73 可商贷 地铁五号线 停车方便,万福花园   ,2室2厅,84.87平米,南 北,7,未知, 儿童公园 ,103,12137
金域世家   次新房小区  绿化好   通透两房  毛坯,正商金域世家   ,2室2厅,89.96平米,南 北,29,未知, 五龙口 ,115,12784
三环边次新房小区，人车分流，全明户型,汇泉景悦城1号院   ,3室2厅,88.73平米,南,34,未知, 中原万达 ,108,12172
户型方正，装修好，楼层好，采光充足。,盛世卧龙城北院   ,2室1厅,88.82平米,南,34,未知, 儿童公园 ,109,12273
中原万达小区，电梯精装双气两房，人车分流,万达广场东西区   ,2室1厅,79.65平米,南 东,33,未知, 中原万达 ,105,13183
三环边，万达旁，业主诚心出售，近地铁,景悦城2号院   ,3室2厅,89.67平米,南,34,未知, 中原万达 ,109,12156
地铁口 华瑞通透小三房 满两年 看房有钥匙,紫韵丽园   ,3室2厅,89.29平米,南,34,未知, 中原万达 ,105,11760
公园旁地铁口南北通透大两室，业主急卖,公园壹号   ,2室1厅,86.06平米,南 北,33,未知, 儿童公园 ,100,11620
好楼层，诚心出售，房型方正，可以谈,领创天誉华庭   ,2室1厅,78.18平米,南,27,未知, 五龙口 ,110,14071
双地铁 小区人车分流 小高层社区 经典户型 双气,70年代尚景小区   ,2室1厅,85.46平米,南,15,未知, 儿童公园 ,105,12287
业主诚心出售，精装修，楼层好， 前面无遮挡,紫韵景园   ,3室2厅,88.55平米,南 北,30,未知, 中原万达 ,106,11971
西二环内，凯旋门商圈，陇海西路地铁口，双气，电梯,中原新城新天地小区   ,1室1厅,71.03平米,北,31,未知, 电力新村 ,100,14079
此房满五唯一 格局楼层好视野开,锦艺国际华都（三期）月星家居广场   ,3室1厅,86.07平米,西南,26,未知, 热电厂 ,110,12781
保利物业，地段占优，地铁十号，万达广场，全明户型,保利心语一期   ,2室1厅,76.9平米,北,34,未知, 中原万达 ,109,14175
89小三房人车分流地铁口2020年小区,华瑞紫韵星园   ,3室1厅,89.22平米,南,30,未知, 中原万达 ,102,11433
万达旁，次新小区，全新装修，业主诚心出售，看房方便,阳光城丽景公馆南苑   ,2室2厅,75.69平米,西北,34,未知, 中原万达 ,100,13212
2023年小区，环境优美，出现方便，配套齐全，看房随时,华润琨瑜府   ,2室2厅,84.33平米,南 北,34,未知, 热电厂 ,103,12214
新天地，纯南小三房，地梯口，好楼层，精装修拎包入住,中原新城新天地小区   ,3室1厅,88.09平米,南,31,未知, 电力新村 ,107,12147
正商金域世家 精装修两房 景观楼层采光好  诚心出售,正商金域世家   ,2室1厅,88.67平米,南,34,未知, 五龙口 ,120,13534
全明户型绿化好人车分流出行方便,景悦城2号院   ,3室2厅,89.4平米,南 北,34,未知, 中原万达 ,109,12193
《贝壳优选》三环内 次新小区 南北通透 精装 近地铁,和昌湾景国际   ,3室1厅,88.25平米,南 北,34,未知, 儿童公园 ,110,12465
2023年新小区中间楼层采光好楼下底商出行方便！,景悦城2号院   ,3室2厅,89.45平米,南,34,未知, 中原万达 ,106,11851
满五唯一 拎包入住 好楼层 大阳台 6号线,和昌澜景   ,3室1厅,89.51平米,西南,26,未知, 儿童公园 ,118,13183
不临高架 业主急售 朝南中间楼 20年新楼栋 地铁口,和昌澜景   ,3室1厅,88.71平米,南,23,未知, 儿童公园 ,109,12288
地铁口公园旁 精装两房 客厅朝南带阳台,中原新城王府西院   ,2室1厅,87.63平米,南 北,34,未知, 郑州一中 ,104,11869
采光明亮，户型方正，精装两房，正商好物业，没有个税,正商明钻二期   ,2室2厅,89.9平米,南,21,未知, 五龙口 ,118,13126
万达旁 精装修两室，拎包 入住，随时看房,阳光城丽景公馆北苑   ,2室2厅,76平米,东北,31,未知, 中原万达 ,107,14079
锦艺三期 朝南三房 满五年 楼层好 全天采光 诚心出售,锦艺国际华都博郡   ,3室2厅,88.29平米,东南 南,34,未知, 热电厂 ,110,12459
汇泉1期 三室精装一天未住 好楼层 不临高架 出入方便,汇泉城一号院   ,3室1厅,87.92平米,南,24,未知, 常西湖 ,117,13308
和昌湾景，三环内，地铁口，次新小区，业主诚心卖房。,和昌湾景国际   ,3室2厅,87.92平米,南,34,未知, 儿童公园 ,110,12512
正商颖河港湾  万达旁  小高层  两卧朝南  采光充足,正商颖河港湾   ,2室2厅,88.2平米,南,11,未知, 中原万达 ,102,11565
三环边万达旁，人车分流次新小区，业主诚心卖,景悦城2号院   ,3室2厅,89.39平米,南,34,未知, 中原万达 ,110,12306
正商2房纯边户，好楼层，两梯两户 电梯小高层 采光好,花语里   ,2室2厅,89.36平米,北 南,18,未知, 五龙口 ,106,11863
精装修  落地窗  三开间朝南  中间楼层  诚心出,城开绿城绿园   ,3室1厅,89.63平米,南,32,未知, 五龙口 ,117,13054
18年次新小区  东边户通透性好 中等楼层无遮挡,紫韵景园   ,3室2厅,88.55平米,南,28,未知, 中原万达 ,106,11971
（贝壳优选）朝南三房，不临高架，过户快，业主诚心卖,和昌澜景   ,3室2厅,89.73平米,南,32,未知, 儿童公园 ,102,11368
全明户型 精装修 绿化好 人车分流 年代新 万达商圈,阳光城丽景公馆南苑   ,2室2厅,78.39平米,东,11,未知, 中原万达 ,100,12757
满五唯一 拎包入住 好楼层 大阳台 6号线,和昌澜景   ,3室1厅,89.51平米,西南,26,未知, 儿童公园 ,118,13183
万达旁 三环边 新小区 地铁口业主很诚心,景悦城2号院   ,3室2厅,89.26平米,南 北,34,未知, 中原万达 ,120,13444
永威品质 酒店式入户大堂 下沉式庭院 随时看房,永威泰和璟苑   ,3室2厅,88.94平米,南 北,34,未知, 常西湖 ,105,11806
18年次新小区 双气社区 人车分流 双地铁口,紫韵景园   ,2室2厅,80.73平米,南,30,未知, 中原万达 ,101,12511
户型方正，装修好，楼层好，采光充足。,盛世卧龙城北院   ,2室1厅,88.82平米,南,34,未知, 儿童公园 ,109,12273
二环边，地铁口，少量小高层，朝南舒适大两房！,中原新城王府西院   ,2室1厅,87.99平米,东南,17,未知, 郑州一中 ,106,12047
新小区三房，全明户型，人车分流，视野开阔房主自荐,汇泉景悦城1号院   ,3室2厅,88.75平米,南,34,未知, 中原万达 ,110,12395
地铁口 业主花20多万装修 拎包入住 户型方正,紫韵景园   ,3室2厅,88.55平米,东南,30,未知, 中原万达 ,102,11576
三环内   1号线地铁口    次新小区    看房方便,和润林湖美景   ,2室1厅,79.07平米,东,33,未知, 热电厂 ,105,13280
小区少见大六房，唯一住房，户型方正，业主诚心卖。,乾宏领秀   ,6室1厅,86.38平米,南,14,未知, 帝湖 ,103,11925
保利物业，精装两居室，拎包即可入住,保利心语一期   ,2室1厅,86.62平米,东北,33,未知, 中原万达 ,116,13392
地铁口公园旁 精装两房 客厅朝南带阳台,中原新城王府西院   ,2室1厅,87.63平米,南 北,34,未知, 郑州一中 ,104,11869
业主诚心出售，精装修，楼层好， 前面无遮挡,紫韵景园   ,3室2厅,88.55平米,南 北,30,未知, 中原万达 ,106,11971
双地铁 南向无遮挡 可看鸟巢 视野开阔,华瑞紫韵星园   ,3室2厅,89.22平米,东南,30,未知, 中原万达 ,105,11769
新小区 人车分流 东南户 小三房 全明户型 采光好 满二,景悦城2号院   ,3室2厅,89.87平米,南,34,未知, 中原万达 ,103,11461
2023年新小区，采光好，出行方便，万达商圈,景悦城2号院   ,3室2厅,89.18平米,南,34,未知, 中原万达 ,120,13456
新天地，纯南小三房，地梯口，好楼层，精装修拎包入住,中原新城新天地小区   ,3室1厅,88.09平米,南,31,未知, 电力新村 ,107,12147
2023年新小区中间楼层采光好楼下底商出行方便！,景悦城2号院   ,3室2厅,89.45平米,南,34,未知, 中原万达 ,106,11851
《贝壳优选》三环内 次新小区 南北通透 精装 近地铁,和昌湾景国际   ,3室1厅,88.25平米,南 北,34,未知, 儿童公园 ,110,12465
宏江精装两房 全朝南 采光不错 价格较低,宏江瀚苑   ,2室1厅,76平米,南,34,未知, 碧沙岗 ,105,13816
（贝壳优选）和昌澜景，精装修，两梯四户，好楼层,和昌澜景   ,3室2厅,89.44平米,南,33,未知, 儿童公园 ,116,12970
正商精装大两室 采光好 家具家电齐全 看房方便,百合里   ,2室2厅,89.6平米,南 北,28,未知, 五龙口 ,106,11831
2020年建成 人车分流 朝南大两房 带车位急售,升龙天汇七号院   ,2室2厅,83.86平米,南,33,未知, 月季公园 ,110,13118
2022年新小区 双地铁线 现房税费少 随时看房,华瑞紫韵雅园   ,3室2厅,89.94平米,南,34,未知, 中原万达 ,120,13343
：楼层好 视野开阔 交通便利 配套齐全 低容 积率,九龙城龙栖尚都   ,2室2厅,87.21平米,南,11,未知, 五龙口 ,110,12614
（贝壳优选）朝南三房，采光好，中间楼层，业主着急卖,和昌澜景   ,3室2厅,88.91平米,南,34,未知, 儿童公园 ,110,12373
桐柏路地铁口 两室 12年建 双气 总价低 首付少月供低,公园壹号   ,2室1厅,86.16平米,南,33,未知, 儿童公园 ,109,12651
单元不临高架，两梯四户；6号线，大阳台,和昌澜景   ,3室2厅,89.51平米,南,26,未知, 儿童公园 ,105,11731
金水西路23年交房 次新小区  优质两居室  急售,金水世纪城   ,2室2厅,78.83平米,南,33,未知, 五龙口 ,105,13320
三环内 公园旁 23年交房 毛坯三室 中间楼层 诚心卖,金水世纪城   ,3室1厅,86.82平米,南,33,未知, 五龙口 ,118,13592
伊河路19仲楼层低可商贷公积金贷款,林山寨村   ,2室2厅,77.16平米,南 北,7,未知, 郑州晚报社 ,120,15553
（贝壳精选）附带加宽车位 中原万达旁  精装小三室,保利心语一期   ,3室2厅,85.37平米,南,34,未知, 中原万达 ,120,14057
好楼层，采光视野一级棒；6号线，两梯四户大阳台房主自荐,和昌澜景   ,3室2厅,89.44平米,南,33,未知, 儿童公园 ,110,12299
三环内 地铁口 次新小区 精装三房,和昌湾景国际   ,3室1厅,88.19平米,南,34,未知, 儿童公园 ,110,12474
非顶楼 户型通透 双气两房 双阳台 看房方便,林山寨村   ,2室1厅,77.16平米,南 北,7,未知, 郑州晚报社 ,110,14257
小区中间位置，多层三房，一梯两户,郑州绿都城   ,3室2厅,88.72平米,南 北,6,未知, 中原万达 ,112,12624
三环内 次新小区 精装中间楼层 6号线 随时可看房主自荐,和昌澜景   ,3室2厅,87.81平米,南,34,未知, 儿童公园 ,120,13666
南北通透格局好，双气，楼层好，地铁五六号线,永威鑫城   ,2室2厅,88.92平米,南 北,7,未知, 儿童公园 ,118,13271
房子地铁口5号线，探十里，精装修，业主诚心卖,中原新城新天地小区   ,2室2厅,84.89平米,南,31,未知, 电力新村 ,115,13547
《商圈聚焦》三环内 6号线地铁口 视野开阔 采光霸,和昌湾景国际   ,3室1厅,88.25平米,南 北,34,未知, 儿童公园 ,106,12012
业主诚心卖 南北户型 带大露台 房子看房方便,康桥上城品   ,3室2厅,87.5平米,南 北,27,未知, 儿童公园 ,108,12343
地铁口旁 精装修品牌家居 三房 有钥匙,保利心语一期   ,3室2厅,85.46平米,南,34,未知, 中原万达 ,115,13457
阳光花苑三期 次新房 精装修 拎包入住,阳光花苑   ,2室2厅,89.58平米,西南,21,未知, 中原万达 ,105,11722
（贝壳优选）和昌澜景，精装修，两梯四户，好楼层,和昌澜景   ,3室2厅,89.44平米,南,33,未知, 儿童公园 ,116,12970
万达商圈 电梯小高层 精装婚房两室 纯南户,昆仑华府   ,2室2厅,89.46平米,南,18,未知, 中原万达 ,108,12073
儿童公园地铁口14年次新房，采光好，交通方便配套齐,公园壹号   ,2室1厅,82.75平米,东南,33,未知, 儿童公园 ,110,13294
满五唯一 精装大2房，看房有钥匙,中原新城王府东院   ,2室1厅,84.34平米,南 北,34,未知, 郑州一中 ,102,12094
阳台客厅朝西，一卧朝西，一卧朝北 ，满二,阳光城丽景公馆南苑   ,2室2厅,78.25平米,西,34,未知, 中原万达 ,105,13419
满五唯一 中间楼层 无遮挡 采光好 自住精装修,保利百合   ,2室2厅,87.87平米,南,34,未知, 热电厂 ,106,12064
河医片区 丹尼斯旁 花园社区 人车分流 满五唯 一,宏江瀚苑   ,2室1厅,72.7平米,南 北,34,未知, 碧沙岗 ,103,14168
宏江精装两房 全朝南 采光不错 价格较低,宏江瀚苑   ,2室1厅,76平米,南,34,未知, 碧沙岗 ,105,13816
新小区人车分流 全新毛坯 户型房正，通体阳台，采光好,永威泰和璟苑   ,3室2厅,88.75平米,南,34,未知, 常西湖 ,110,12395
三环内 次新小区 精装中间楼层 6号线 随时可看房主自荐,和昌澜景   ,3室2厅,87.81平米,南,34,未知, 儿童公园 ,120,13666
奥体旁 三开间方正户型 精装修 诚心出售,汇泉城2号院   ,3室2厅,87.84平米,南,27,未知, 常西湖 ,105,11954
非顶楼 户型通透 双气两房 双阳台 看房方便,林山寨村   ,2室1厅,77.16平米,南 北,7,未知, 郑州晚报社 ,110,14257
房子装修保持比较好，离地铁口近，南北通透,中原新城王府东院   ,2室2厅,84.34平米,南 北,34,未知, 郑州一中 ,108,12806
2+1的户型  小区前排 采光日照无遮挡 ，看房效果好,盛润锦绣城东院   ,2室2厅,84.79平米,南,31,未知, 王府井 ,120,14153
房龄4年次新小区，人车分离，低楼层，拎包入住,保利心语一期   ,2室2厅,87.25平米,南,34,未知, 中原万达 ,115,13181
三环内 地铁口 21年新小区 精装从未入住小三房,和昌瑞景园   ,3室2厅,89.94平米,南,34,未知, 儿童公园 ,102,11341
业主诚意出售，家里装修还不错，正常税费,盛润锦绣城东院   ,3室1厅,86.37平米,南,34,未知, 王府井 ,115,13315
北门出去就是地铁站，南门公园已经在施工医院学x现成,紫韵景园   ,3室1厅,88.69平米,南 北,34,未知, 中原万达 ,106,11952
双地铁 三开间朝南  采光好  拎包入住,70年代尚景小区   ,2室1厅,85.46平米,南 北,15,未知, 儿童公园 ,105,12287
《贝壳优选》三环内 6号线地铁口 不临高架 有钥匙,和昌澜景   ,3室2厅,85.71平米,南,34,未知, 儿童公园 ,119,13885
满五唯一万达旁康桥开发.品质小区，小高层，采光好,康桥上城品   ,2室2厅,76.18平米,南,11,未知, 儿童公园 ,100,13127
陇海路桐柏路 前进路 81号院 南北通透带楼台,中原新城王府东院   ,2室1厅,89.11平米,南 北,34,未知, 郑州一中 ,103,11615
品质小区 精装两房 采光好 业主诚心出售,康桥上城品   ,2室1厅,74.36平米,南 北,18,未知, 儿童公园 ,103,13852
三环内，精装三房，满五唯一，诚心出售。,和昌澜景   ,3室2厅,89.44平米,南,33,未知, 儿童公园 ,115,12858
南北通透格局好，双气，楼层好，地铁五六号线,永威鑫城   ,2室2厅,88.92平米,南 北,7,未知, 儿童公园 ,118,13271
万达旁 地铁口 2020年新小区 精装修三房,阳光城丽景公馆南苑   ,3室2厅,89.26平米,南,34,未知, 中原万达 ,113,12660
小区次新房，人车分流，税费少，适合居住,升龙天汇9号院   ,3室1厅,89.12平米,南,31,未知, 月季公园 ,105,11782
小区停车方便 户型设计合理 居住舒适 看房方便,桐柏路20号   ,3室1厅,84.62平米,南 北,4,未知, 郑州晚报社 ,120,14182
南北通透，位置安静，出入方便，诚心出售哈,郑州绿都城   ,3室2厅,89.06平米,南 北,5,未知, 中原万达 ,101,11341
一楼  门口位置  停车方便 两室朝南,中原西路215号院   ,2室2厅,81.79平米,南 北,8,未知, 郑州晚报社 ,117,14305
带车位  边户小三室  地铁口  全屋定制   精装三室房主自荐,和昌澜景   ,3室2厅,89平米,南 北,34,未知, 儿童公园 ,110,12360
和昌湾景国际 小高层 总层11层 户型方正,和昌湾景国际   ,3室1厅,89.27平米,南,11,未知, 儿童公园 ,110,12323
次新房小区，环境好，出行便利，业主诚心出售,永茂绿园   ,2室2厅,85.67平米,东南,28,未知, 五龙口 ,105,12257
2023年新小区 满二 精装拎包入住 户型方正 房间采光好,景悦城2号院   ,2室1厅,77.73平米,南,34,未知, 中原万达 ,105,13509
业主需要 回老家发展 急着出售 家人在老家工作稳定,华瑞紫韵星园   ,3室2厅,89.22平米,东南,30,未知, 中原万达 ,120,13450
五龙口 绿城绿园 绿城物业 人车分流 带车位 增20平,城开绿城绿园   ,3室2厅,88.86平米,南 北,32,未知, 五龙口 ,108,12154
1号线14号线双地铁，2018年次新精装三房，人车分流,紫韵丽园   ,3室2厅,88.71平米,西南,34,未知, 中原万达 ,110,12400
三环内 纯朝南全明户型，客厅带阳台,和昌澜景   ,3室2厅,88.99平米,南,30,未知, 儿童公园 ,112,12586
满五年 无抵押 小高层  乘坐方便  地铁五号线,中原新城王府东院   ,2室2厅,86.35平米,南,11,未知, 郑州一中 ,108,12508
农业路二环边，天誉龙邸精装纯南朝向两房，采光无遮挡,天誉龙邸南区   ,2室2厅,85.34平米,南,32,未知, 五龙口 ,103,12070
急售，金域世家边户两房精装好楼层拎包入住，看房方便房主自荐,正商金域世家   ,2室1厅,89.38平米,南 北,34,未知, 五龙口 ,100,11189
前后对花园的精装修小高层两居，急售省税，明厨明卫,保利百合   ,2室2厅,87.24平米,南,14,未知, 热电厂 ,108,12380
农业快速路口 九龙国际 南北三房急卖,九龙国际   ,3室1厅,88.01平米,南 北,34,未知, 五龙口 ,118,13408
锦艺三期，南北三居室，业主诚心出售 中间楼层房主自荐,锦艺国际华都博郡   ,3室2厅,88.14平米,南 北,34,未知, 热电厂 ,118,13445
小区中间位置 中间楼层 满五唯一 全明户型视野宽阔,惠众西城一品   ,2室1厅,80.76平米,东南,33,未知, 热电厂 ,115,14240
2015年电梯小区，中间楼栋，采光无遮挡，精装拎包入住,风和日丽家园   ,3室1厅,89.49平米,南,34,未知, 五龙口 ,115,12851
全明户型，绿化好，人车分流，出行方便，近万达,汇泉景悦城1号院   ,3室2厅,86.77平米,东南,30,未知, 中原万达 ,105,12101
万达商圈 次新房社区 人车分流 全明户型 随时可看房主自荐,汇泉景悦城1号院   ,3室2厅,85.92平米,南,34,未知, 中原万达 ,112,13036
纯南精装三房，楼层低，出行方便，人车分流，税费低,升龙天汇七号院   ,3室1厅,89.35平米,南,34,未知, 月季公园 ,118,13207
三环内品质小区 人车分流 经典三房 不临高架,阳光城丽景公馆南苑   ,3室2厅,89平米,东南,34,未知, 中原万达 ,114,12809
央企保利，小高层，边户通透三房,保利百合   ,3室2厅,89.17平米,南 北,13,未知, 热电厂 ,110,12336
棉纺路锦艺温馨两房采光好，看房方便房主自荐,锦艺国际华都美域   ,2室1厅,72.84平米,南,30,未知, 热电厂 ,101,13867
三环南地铁口 林湖美景朝南2房  中间楼层 环境优美,和润林湖美景   ,2室2厅,79.24平米,南,34,未知, 热电厂 ,102,12873
中高楼层，一梯两户 南北通透户型。出门地铁口。,蓝天佳园   ,2室2厅,85.72平米,南 北,11,未知, 热电厂 ,110,12833
锦艺  南北通透  三室   双气   采光好,锦艺国际华都欧尚   ,3室1厅,89.68平米,南 北,33,未知, 热电厂 ,120,13381
锦艺国际华都欧尚，温馨三房，不临后排，户型方正,锦艺国际华都欧尚   ,3室1厅,87.21平米,南,33,未知, 热电厂 ,109,12499
锦艺温馨两房带露台户型好 采光好,锦艺国际华都美域   ,2室1厅,72.84平米,西北,30,未知, 热电厂 ,100,13729
锦艺二期   中间楼栋   不临火车道    好楼层,锦艺国际华都美域   ,3室1厅,84.56平米,南,32,未知, 热电厂 ,100,11826
和昌湾景三房出售  满五唯一 采光无遮挡,和昌湾景国际   ,3室1厅,88.05平米,南,34,未知, 儿童公园 ,100,11358
景观楼层前后无遮挡拎包入住诚心出售,锦艺国际华都美域   ,3室2厅,88.11平米,南,32,未知, 热电厂 ,120,13620
诚心出售，价格可谈，税费少，楼层好,升龙天汇七号院   ,3室1厅,89.61平米,东 南,34,未知, 月季公园 ,105,11718
晶华城三室，户型方正，楼层好，位置好，满五年，房主自荐,晶华城   ,3室1厅,87.72平米,南,27,未知, 五龙口 ,100,11400
央企开发 人车分流 小高层 好楼层 全天采光 精装修,保利百合   ,2室2厅,88.95平米,东 南,10,未知, 热电厂 ,102,11468
南北通透 好楼层 采光好 业主诚心出售,保利百合   ,3室2厅,88.22平米,南 北,13,未知, 热电厂 ,120,13603
三环边，地铁口，精装三房，诚心出售,阳光城丽景公馆南苑   ,3室2厅,88.22平米,南 北,34,未知, 中原万达 ,113,12809
南北通透户型，经典 得房率高 1，5号线地铁口,锦艺国际华都美域   ,3室2厅,89.48平米,南 北,33,未知, 热电厂 ,115,12853
房子满五年 南北户型。采光无遮挡，视野开阔 双阳台,锦艺国际华都欧尚   ,3室1厅,87.25平米,南 北,33,未知, 热电厂 ,120,13754
百合里精装朝阳大两室 三环内 诚心出售 看房方便,百合里   ,2室2厅,89.25平米,南,28,未知, 五龙口 ,115,12886
三环内 精装修两房 2020年次新房 10号线地铁口,阳光城丽景公馆南苑   ,2室1厅,73.86平米,西北,18,未知, 中原万达 ,110,14894
南向三房 无遮挡 采光好 不临路,五建新街坊5号院   ,3室2厅,87.38平米,南,34,未知, 热电厂 ,120,13734
人车分流，精装3房，全明户型，拎包入住,领创天誉华庭   ,3室1厅,78.18平米,南,28,未知, 五龙口 ,103,13175
锦艺朝南两房，百米楼间距，采光充足。,锦艺国际华都欧尚   ,2室1厅,74.57平米,南,33,未知, 热电厂 ,106,14215
满五唯一 南北通透 好楼层 业主诚心出售,保利百合   ,3室2厅,88.14平米,南 北 西,34,未知, 热电厂 ,120,13615
不临街不临路，低楼层，无遮挡，采光好！急售！,金水世纪城   ,3室1厅,87.21平米,南,34,未知, 五龙口 ,110,12614
地铁口，奥体旁，精装三室，品质物业，拎包入住新上,永威泰和璟苑   ,3室2厅,88.81平米,东南,30,未知, 常西湖 ,119,13400
"洋房社区，南北通透,小区人车分流，配套齐全，",正商金域世家   ,2室2厅,89.79平米,南 北,34,未知, 五龙口 ,119,13254
国企开发 2020年此新小区，拎包入住 满两年 随时看房,郑地璞园   ,2室2厅,89.85平米,南,33,未知, 五龙口 ,115,12800
"方正三房，育才,稳定卖，价格不高",领创天誉华庭   ,3室2厅,87.88平米,南,28,未知, 五龙口 ,115,13087
三环内 1号线500米 2022年次新社区 高绿化 人车分流,和润林湖美景   ,2室2厅,79.25平米,南,31,未知, 热电厂 ,120,15142
大社区 低楼层 电梯房 精装修 拎包入住 标准三房,风和日丽家园   ,3室2厅,88.96平米,南,34,未知, 五龙口 ,105,11804
标准三房，格局合理，中间楼层，全明户型，采光充足,汇泉景悦城1号院   ,3室1厅,80.53平米,东北,26,未知, 中原万达 ,109,13536
南北通透，户型方正，采光充足，通风效果好,和昌湾景国际   ,3室2厅,89.73平米,南 北,29,未知, 儿童公园 ,119,13263
地铁口，永威品质。朝南连通大阳台户型方正 楼层好,永威泰和璟苑   ,3室1厅,89.97平米,南,34,未知, 常西湖 ,103,11449
精装朝南三房 业主诚心出售 价格好商量 看房随时,九龙国际   ,3室2厅,87.33平米,南,27,未知, 五龙口 ,118,13512
无个税房源  全天采光 精装修 有独立餐厅 看房方便,锦艺国际华都美域   ,3室2厅,85.92平米,南,33,未知, 热电厂 ,100,11639
全屋地暖，木纹地板砖，全天采光，绿城品质，绿城物业,城开绿城绿园   ,3室2厅,89.31平米,南,32,未知, 五龙口 ,115,12877
二环边，次新小区，三开间朝南户型好,城开绿城绿园B区   ,3室2厅,89.82平米,南 北,32,未知, 五龙口 ,105,11691
金二环 农业路 九龙国际  客厅大阳台精装修三房,九龙国际   ,3室2厅,89.66平米,南,26,未知, 五龙口 ,119,13273
央企开发 人车分流 小高层 好楼层 全天采光 精装修,保利百合   ,2室2厅,88.95平米,东 南,10,未知, 热电厂 ,102,11468
三环边，地铁口，精装三房，诚心出售,阳光城丽景公馆南苑   ,3室2厅,88.22平米,南 北,34,未知, 中原万达 ,113,12809
百合里精装朝阳大两室 三环内 诚心出售 看房方便,百合里   ,2室2厅,89.25平米,南,28,未知, 五龙口 ,115,12886
景观楼层前后无遮挡拎包入住诚心出售,锦艺国际华都美域   ,3室2厅,88.11平米,南,32,未知, 热电厂 ,120,13620
南北通透户型，经典 得房率高 1，5号线地铁口,锦艺国际华都美域   ,3室2厅,89.48平米,南 北,33,未知, 热电厂 ,115,12853
南北通透 好楼层 采光好 业主诚心出售,保利百合   ,3室2厅,88.22平米,南 北,13,未知, 热电厂 ,120,13603
和昌湾景三房出售  满五唯一 采光无遮挡,和昌湾景国际   ,3室1厅,88.05平米,南,34,未知, 儿童公园 ,100,11358
三环内 地铁口 人车分流 精装修 朝南两房 户型方正,和润林湖美景   ,2室2厅,79.12平米,南,33,未知, 热电厂 ,103,13019
康桥上城，小高层，环境好，采光好,康桥上城品   ,3室2厅,87.26平米,南 北,18,未知, 儿童公园 ,105,12034
前后对花园的精装修小高层两居，急售省税，明厨明卫,保利百合   ,2室2厅,87.24平米,南,14,未知, 热电厂 ,108,12380
二环边，人车分流，精装南向三房，好楼层,城开绿城绿园   ,3室2厅,89.31平米,南 北,32,未知, 五龙口 ,110,12317
锦艺城的好房子，您值得拥有的家,锦艺国际华都欧尚   ,2室1厅,75.64平米,南,28,未知, 热电厂 ,105,13882
五建新街坊5号院2020年的小区  临地铁口，此房精装修,五建新街坊5号院   ,3室2厅,88.37平米,南,34,未知, 热电厂 ,118,13353
四房总价低 73加6号线地铁 生活配套齐全,乾宏领秀   ,4室2厅,72.64平米,北,14,未知, 帝湖 ,115,15832
满五唯一产权清晰精美大两房 纯南户，双地铁,锦艺国际华都欧尚   ,2室1厅,74.57平米,西南,33,未知, 热电厂 ,108,14484
万达旁 三环边 新小区 地铁口,汇泉景悦城1号院   ,3室2厅,88.83平米,南,34,未知, 中原万达 ,108,12159
不临高架  必看房源 两梯四户不挤 前边无遮挡看河景房主自荐,汇泉景悦城1号院   ,3室2厅,89.11平米,南,34,未知, 中原万达 ,101,11335
精装修，温馨两房，中间楼层，业主自住,锦艺国际华都欧尚   ,2室1厅,74.63平米,南 西南,33,未知, 热电厂 ,114,15276
锦艺美域 87平三房 中间楼层 满五唯一 楼栋位置好,锦艺国际华都美域   ,3室2厅,87.85平米,南,32,未知, 热电厂 ,110,12522
采光好!得房率高，标准双气三房，电梯朝南,风和日丽家园   ,3室2厅,89.44平米,南,34,未知, 五龙口 ,100,11181
锦艺城 精装 双卧朝南3居室 拎包入住 满五唯一,锦艺国际华都美域   ,3室1厅,84.56平米,东南,32,未知, 热电厂 ,115,13600
满五唯一 南北通透 好楼层 业主诚心出售,保利百合   ,3室2厅,88.14平米,南 北 西,34,未知, 热电厂 ,120,13615
央企保利  精装大两房  采光好 随时看房,保利百合   ,2室2厅,86.92平米,东南 南,34,未知, 热电厂 ,105,12081
不临街随时看， 中高层毛坯三房， 三环内品质小区！！,金水世纪城   ,3室2厅,86.5平米,南,34,未知, 五龙口 ,115,13295
精装修，百米楼间距，采光视野好。,锦艺国际华都欧尚   ,2室1厅,74.57平米,南,33,未知, 热电厂 ,115,15422
三环内次新房五建新街坊5号院 三房,五建新街坊5号院   ,3室1厅,87.38平米,南 北,34,未知, 热电厂 ,108,12360
金水世纪城，两梯四户，边户小三房，业主诚心,金水世纪城   ,3室1厅,89.25平米,南 北,33,未知, 五龙口 ,120,13446
业主急售 锦绣城东院 3室 精装 中间楼层,盛润锦绣城东院   ,3室1厅,85.4平米,南 北,34,未知, 王府井 ,105,12296
二环边锦艺旁，品质洋房小区，朝南带阳台精装两居室！,正商金域世家   ,2室2厅,88.63平米,南,34,未知, 五龙口 ,113,12750
三环内 小三房 精装修 配套设施齐全 交通便利,五建新街坊5号院   ,3室2厅,87.38平米,南,34,未知, 热电厂 ,118,13505
两梯四户，双气地暖，70年产权商品房，标准小三房,锦艺国际华都（三期）月星家居广场   ,3室1厅,83.59平米,南,26,未知, 热电厂 ,116,13878
三环内公园旁，人车分流新小区正弘物业管理 精装两室,金水世纪城   ,2室2厅,81.03平米,南,33,未知, 五龙口 ,103,12712
城开绿园，小三房，满五唯一，人车分离,城开绿城绿园B区   ,4室2厅,89.06平米,北,32,未知, 五龙口 ,102,11453
汇泉景悦城1号院 3室2厅 西北,汇泉景悦城1号院   ,3室2厅,80.75平米,西北,33,未知, 中原万达 ,110,13623
精装朝南三房 业主诚心出售 价格好商量 看房随时,九龙国际   ,3室2厅,87.33平米,南,27,未知, 五龙口 ,118,13512
锦艺朝南两房，百米楼间距，采光充足。,锦艺国际华都欧尚   ,2室1厅,74.57平米,南,33,未知, 热电厂 ,106,14215
南向三房 无遮挡 采光好 不临路,五建新街坊5号院   ,3室2厅,87.38平米,南,34,未知, 热电厂 ,120,13734
地铁口，永威品质。朝南连通大阳台户型方正 楼层好,永威泰和璟苑   ,3室1厅,89.97平米,南,34,未知, 常西湖 ,103,11449
金二环 农业路 九龙国际  客厅大阳台精装修三房,九龙国际   ,3室2厅,89.66平米,南,26,未知, 五龙口 ,119,13273
全屋地暖，木纹地板砖，全天采光，绿城品质，绿城物业,城开绿城绿园   ,3室2厅,89.31平米,南,32,未知, 五龙口 ,115,12877
急售，房子是个一楼，满五唯一，看房方便,保利百合   ,2室2厅,87.9平米,西南,34,未知, 热电厂 ,114,12970
满五唯一 无贷款   随时看房,城开绿城绿园B区   ,3室1厅,88.91平米,南 北,32,未知, 五龙口 ,115,12935
南北通透户型 业主诚心卖  看房有钥匙,锦艺国际华都博郡   ,3室1厅,88.06平米,南 北,33,未知, 热电厂 ,110,12492
房子满五年，产权清晰，诚心出售，装修不错看房方便,锦艺国际华都美域   ,3室1厅,88.92平米,南,30,未知, 热电厂 ,110,12371
2022年新小区 地铁口 人车分流 纯毛坯新房,汇泉景悦城1号院   ,3室2厅,85.95平米,西南,34,未知, 中原万达 ,107,12450
临街住宅商铺，税费低，可租可住，看房方便，诚心出售,淮河西路26号院   ,2室1厅,82.29平米,东 西,9,未知, 儿童公园 ,105,12760
三环内，地铁口，精装修小三室，楼层好，采光好，,五建新街坊5号院   ,3室2厅,88.01平米,南,33,未知, 热电厂 ,116,13181
朝南三房 高楼层 精装修 家具家电齐全,锦艺国际华都美域   ,3室1厅,88.07平米,东南,33,未知, 热电厂 ,105,11923
20年交房 房子精装修 人车分流 拎包住,升龙天汇七号院   ,3室2厅,88.48平米,南,33,未知, 月季公园 ,104,11755
满五 交通便利 配套齐全 全明户型,锦艺国际华都美域   ,3室2厅,85.79平米,南,33,未知, 热电厂 ,110,12823
锦艺二期  通透三房 中间楼层 精装修 满五年 看房方便,锦艺国际华都美域   ,2室2厅,89.38平米,南 北,33,未知, 热电厂 ,113,12643
贝壳优选小三房，有需要毛坯的请点击链接，价格好商量,五建新街坊5号院   ,3室1厅,88.02平米,南,34,未知, 热电厂 ,105,11930
三环内公园旁，人车分流新社区，毛坯朝南小三室！,金水世纪城   ,3室2厅,86.93平米,南,34,未知, 五龙口 ,113,12999
锦艺国际华都美域 3室1厅 南,锦艺国际华都美域   ,3室1厅,88.07平米,南,33,未知, 热电厂 ,110,12491
人车分流 业主诚心出售 小区环境宜人,和润林湖美景   ,3室1厅,89.65平米,南,34,未知, 热电厂 ,110,12270
次新小区 一楼 可做商铺 位置好 简单装修,汇泉景悦城1号院   ,3室2厅,78.24平米,东南,30,未知, 中原万达 ,115,14699
房子满五唯一，全明户型，楼间距宽，无遮挡，采光好！,九龙城龙腾西城   ,2室2厅,80.72平米,南,34,未知, 五龙口 ,100,12389
精装修碧沙岗双气地铁1号线人车分流满五年,宏江瀚苑   ,2室1厅,88.47平米,东 北,34,未知, 碧沙岗 ,109,12321
精装小三室，不临街不临路，采光好，视野好，诚售,锦艺国际华都美域   ,3室1厅,85.79平米,西南,33,未知, 热电厂 ,120,13988
城开绿园 新小区 人车分流 三开间朝南 采光好,城开绿城绿园   ,3室2厅,89.39平米,南,32,未知, 五龙口 ,106,11859
精装修，业主自住 ， 视野很好，正弘物业。,金水世纪城   ,2室2厅,81.03平米,南,33,未知, 五龙口 ,100,12342
城开绿园  三面朝阳 落地窗   有钥匙随时看房,城开绿城绿园B区   ,3室2厅,89.82平米,东南,32,未知, 五龙口 ,100,11134
三环内国企开发，亚新一级物业管理，精装两室拎包入住,郑地璞园   ,2室2厅,89.9平米,南,33,未知, 五龙口 ,112,12459
不临高架全天采光契税满两年业主急售,融信望湖宸院   ,3室1厅,88.97平米,南,35,未知, 常西湖 ,113,12701
金水西路旁，次新小区，人车分流，实惠小三房,金水世纪城   ,3室1厅,89.66平米,南,34,未知, 五龙口 ,113,12604
户型方方正正，小区中间位置，城心出售,锦艺国际华都欧尚   ,2室2厅,75.64平米,南,28,未知, 热电厂 ,106,14014
多层一楼公摊小 双气大两室 采光良好,晶华城   ,2室2厅,88.05平米,南,6,未知, 五龙口 ,103,11698
汝河路段，和昌湾景国际，小高层，朝南三房，诚心卖,和昌湾景国际   ,3室2厅,89.27平米,南,11,未知, 儿童公园 ,110,12323
锦艺 精装三室    二期 美域    棉纺路,锦艺国际华都欧尚   ,2室1厅,83.45平米,南,26,未知, 热电厂 ,105,12583
金二环中间楼层，精装，保持良好,正商金域世家   ,2室1厅,89.69平米,南,34,未知, 五龙口 ,113,12599
三环内 1号线500米 2022年次新社区 高绿化 人车分流,和润林湖美景   ,2室2厅,79.25平米,南,31,未知, 热电厂 ,120,15142
不临街不临路，低楼层，无遮挡，采光好！急售！,金水世纪城   ,3室1厅,87.21平米,南,34,未知, 五龙口 ,110,12614
地铁口，奥体旁，精装三室，品质物业，拎包入住新上,永威泰和璟苑   ,3室2厅,88.81平米,东南,30,未知, 常西湖 ,119,13400
大社区 低楼层 电梯房 精装修 拎包入住 标准三房,风和日丽家园   ,3室2厅,88.96平米,南,34,未知, 五龙口 ,105,11804
标准三房，格局合理，中间楼层，全明户型，采光充足,汇泉景悦城1号院   ,3室1厅,80.53平米,东北,26,未知, 中原万达 ,109,13536
保利开发，次新小区，人车分流，诚心出售,保利心语一期   ,2室1厅,86.62平米,东 北,33,未知, 中原万达 ,100,11545
保利心语，地铁口，精装全明两房，好楼层，好地段新上,保利心语一期   ,2室2厅,82.64平米,西南,34,未知, 中原万达 ,110,13311
2022年次新房精装交付 好楼层 满两年 仅有契税,和润林湖美景   ,3室2厅,87.25平米,南 北,34,未知, 热电厂 ,120,13754
国企开发 2020年此新小区，拎包入住 满两年 随时看房,郑地璞园   ,2室2厅,89.85平米,南,33,未知, 五龙口 ,115,12800
"洋房社区，南北通透,小区人车分流，配套齐全，",正商金域世家   ,2室2厅,89.79平米,南 北,34,未知, 五龙口 ,119,13254
"方正三房，育才,稳定卖，价格不高",领创天誉华庭   ,3室2厅,87.88平米,南,28,未知, 五龙口 ,115,13087
复式三房，看房方便，首付低，价格好谈,晶华城西区   ,3室2厅,71.59平米,南,17,未知, 五龙口 ,118,16483
南北通透 好楼层 采光好 业主诚心出售,保利百合   ,3室2厅,88.22平米,南 北,13,未知, 热电厂 ,120,13603
三环边，地铁口，精装三房，诚心出售,阳光城丽景公馆南苑   ,3室2厅,88.22平米,南 北,34,未知, 中原万达 ,113,12809
保利百合，中间楼层，人车分流，采光好，视野佳,保利百合   ,2室2厅,87.31平米,南,34,未知, 热电厂 ,100,11454
三环内次新房五建新街坊5号院 三房,五建新街坊5号院   ,3室1厅,87.38平米,南 北,34,未知, 热电厂 ,108,12360
急售 总高20层 密度低 公摊少 人车分流  诚心卖,郑地璞园   ,2室2厅,88.5平米,南,20,未知, 五龙口 ,115,13085
精装修，百米楼间距，采光视野好。,锦艺国际华都欧尚   ,2室1厅,74.57平米,南,33,未知, 热电厂 ,115,15422
三环内 地铁口 人车分流 精装修 朝南两房 户型方正,和润林湖美景   ,2室2厅,79.12平米,南,33,未知, 热电厂 ,103,13019
康桥上城，小高层，环境好，采光好,康桥上城品   ,3室2厅,87.26平米,南 北,18,未知, 儿童公园 ,105,12034
金水世纪城，两梯四户，边户小三房，业主诚心,金水世纪城   ,3室1厅,89.25平米,南 北,33,未知, 五龙口 ,120,13446
业主急售 锦绣城东院 3室 精装 中间楼层,盛润锦绣城东院   ,3室1厅,85.4平米,南 北,34,未知, 王府井 ,105,12296
二环边锦艺旁，品质洋房小区，朝南带阳台精装两居室！,正商金域世家   ,2室2厅,88.63平米,南,34,未知, 五龙口 ,113,12750
三期3号楼南北通透3房 中高楼层 全天采光 有钥匙,锦艺国际华都博郡   ,3室1厅,88.14平米,南 北,34,未知, 热电厂 ,108,12254
人车分流小区，精装修业主自住，业主诚心出售,领创天誉华庭   ,2室1厅,78.18平米,南,27,未知, 五龙口 ,102,13047
次新小区，纯南户型，毛坯两房，位置楼层好,金水世纪城   ,2室2厅,75.43平米,南,33,未知, 五龙口 ,103,13656
锦艺国际华都美域  低楼层  交通便利  配套齐全,锦艺国际华都美域   ,3室1厅,89.38平米,南 北,33,未知, 热电厂 ,109,12196
地铁6号线边户三房  不临高架 空置急售 随时看房,和昌澜景   ,3室2厅,89.39平米,东 南 北,34,未知, 儿童公园 ,102,11411
（贝壳优选）和昌澜景，朝南精装三房，不临高架,和昌澜景   ,3室2厅,88.93平米,南,34,未知, 儿童公园 ,110,12370
华瑞紫韵城丽园 地铁口 人车分流 采光视野无遮挡,紫韵丽园   ,3室2厅,89.25平米,南 北,34,未知, 中原万达 ,112,12550
锦艺二期   中间楼栋   不临火车道    好楼层,锦艺国际华都美域   ,3室1厅,84.56平米,南,32,未知, 热电厂 ,100,11826
三开间朝南，方正，诚心卖，人车分流,领创天誉华庭   ,3室1厅,88.73平米,南,33,未知, 五龙口 ,119,13513
锦艺国际华都二期 南北通透，诚心出售,锦艺国际华都美域   ,3室1厅,89.38平米,南 北,33,未知, 热电厂 ,111,12419
锦艺两室   业主诚心出售  看房方便,锦艺国际华都欧尚   ,2室1厅,74.57平米,南,33,未知, 热电厂 ,100,13411
二环边，人车分流，精装南向三房，好楼层,城开绿城绿园   ,3室2厅,89.31平米,南 北,32,未知, 五龙口 ,110,12317
次新高档小区 人车分流  精装修通透三房 诚心卖,阳光城丽景公馆南苑   ,3室2厅,86.67平米,南,17,未知, 中原万达 ,114,13154
锦艺国际美域 三居室 观景楼层,锦艺国际华都美域   ,3室2厅,85.79平米,南,33,未知, 热电厂 ,101,11832
诚心出售，价格可谈，税费少，楼层好,升龙天汇七号院   ,3室1厅,89.61平米,东 南,34,未知, 月季公园 ,105,11718
房子满五年 南北户型。采光无遮挡，视野开阔 双阳台,锦艺国际华都欧尚   ,3室1厅,87.25平米,南 北,33,未知, 热电厂 ,120,13754
晶华城三室，户型方正，楼层好，位置好，满五年，房主自荐,晶华城   ,3室1厅,87.72平米,南,27,未知, 五龙口 ,100,11400
2022年次新房精装交付 好楼层 满两年 仅有契税,和润林湖美景   ,3室2厅,87.25平米,南 北,34,未知, 热电厂 ,120,13754
婚房装修 精装大两房 客厅带落地阳台 主卧带飘窗,九龙城龙腾西城   ,2室1厅,84.82平米,东 西,33,未知, 五龙口 ,112,13205
三环内次新房五建新街坊5号院 三房,五建新街坊5号院   ,3室1厅,87.38平米,南 北,34,未知, 热电厂 ,108,12360
金水世纪城，两梯四户，边户小三房，业主诚心,金水世纪城   ,3室1厅,89.25平米,南 北,33,未知, 五龙口 ,120,13446
满五唯一产权清晰精美大两房 纯南户，双地铁,锦艺国际华都欧尚   ,2室1厅,74.57平米,西南,33,未知, 热电厂 ,108,14484
四房总价低 73加6号线地铁 生活配套齐全,乾宏领秀   ,4室2厅,72.64平米,北,14,未知, 帝湖 ,115,15832
满两年无个税 带装修拎包入住三房,汇泉城3号院   ,3室1厅,87.02平米,南,33,未知, 常西湖 ,100,11492
中间楼层 双气精准 自住的房子保养的很好,中原新城新天地小区   ,3室1厅,88.09平米,南 北,31,未知, 电力新村 ,105,11920
二环内 此房满五年唯一 年代新 人车分流 环境好,升龙天汇3号院   ,3室1厅,88.78平米,西南 南,32,未知, 五龙口 ,100,11264
五一公园地铁口 中间楼层中间楼栋南北通透边户房主自荐,锦艺国际华都欧尚   ,2室1厅,87.59平米,南 北,28,未知, 热电厂 ,100,11417
锦艺城的好房子，您值得拥有的家,锦艺国际华都欧尚   ,2室1厅,75.64平米,南,28,未知, 热电厂 ,105,13882
全明户型，绿化好，人车分流，出行方便，近万达,汇泉景悦城1号院   ,3室2厅,86.77平米,东南,30,未知, 中原万达 ,105,12101
锦艺三期，南北三居室，业主诚心出售 中间楼层房主自荐,锦艺国际华都博郡   ,3室2厅,88.14平米,南 北,34,未知, 热电厂 ,118,13445
次新小区，人车分流，地铁口交通方便,和润林湖美景   ,3室2厅,89.5平米,西南,34,未知, 热电厂 ,108,12068
新上朝南三房，三楼带露台，带露台，带露台,锦艺国际华都美域   ,3室1厅,88.92平米,南,30,未知, 热电厂 ,110,12371
小区前排，采光无遮挡，配套成熟，满五唯一,锦艺国际华都欧尚   ,3室2厅,88.19平米,东南,26,未知, 热电厂 ,113,12814
奥体植物园旁 新小区 三开间朝南户型 小区环境优美,永威金桂苑   ,3室2厅,89.3平米,南,30,未知, 常西湖 ,120,13438
小三房，客厅带阳台，朝南，全明户型，看房方便房主自荐,汇泉景悦城1号院   ,3室2厅,89.1平米,南 北,34,未知, 中原万达 ,107,12009
央企开发 人车分流 环境优美 精装两房,保利百合   ,2室2厅,87.87平米,南,34,未知, 热电厂 ,120,13657
棉纺路锦艺温馨两房采光好，看房方便房主自荐,锦艺国际华都美域   ,2室1厅,72.84平米,南,30,未知, 热电厂 ,101,13867
三环内 地铁口 人车分流 精装修 朝南两房 户型方正,和润林湖美景   ,2室2厅,79.12平米,南,33,未知, 热电厂 ,103,13019
大社区 低楼层 电梯房 精装修 拎包入住 标准三房,风和日丽家园   ,3室2厅,88.96平米,南,34,未知, 五龙口 ,105,11804
地铁口，奥体旁，精装三室，品质物业，拎包入住新上,永威泰和璟苑   ,3室2厅,88.81平米,东南,30,未知, 常西湖 ,119,13400
保利开发，次新小区，人车分流，诚心出售,保利心语一期   ,2室1厅,86.62平米,东 北,33,未知, 中原万达 ,100,11545
保利心语，地铁口，精装全明两房，好楼层，好地段新上,保利心语一期   ,2室2厅,82.64平米,西南,34,未知, 中原万达 ,110,13311
西三环 地铁口 次新小区  采光充足,和润林湖美景   ,3室2厅,87.15平米,南,34,未知, 热电厂 ,119,13655
"方正三房，育才,稳定卖，价格不高",领创天誉华庭   ,3室2厅,87.88平米,南,28,未知, 五龙口 ,115,13087
不临街不临路，低楼层，无遮挡，采光好！急售！,金水世纪城   ,3室1厅,87.21平米,南,34,未知, 五龙口 ,110,12614
永威泰和璟苑 3室2厅 南,永威泰和璟苑   ,3室2厅,88.76平米,南,34,未知, 常西湖 ,120,13520
14号线地铁口300米 奥体植物园旁 价格可谈急售,融信融园   ,3室2厅,89.89平米,南,34,未知, 常西湖 ,108,12015
锦艺旁，金水路，洋房社区，精装修，拎包入住,正商金域世家   ,2室1厅,89.59平米,南,34,未知, 五龙口 ,102,11386
满五唯一  精装修   完全人车分流  业主诚心出售,保利百合   ,2室2厅,79平米,南,33,未知, 热电厂 ,105,13292
万达商圈，西流湖畔，南北通透户型大2室,阳光花苑   ,3室1厅,89.77平米,南 北,28,未知, 中原万达 ,100,11140
格局好，户型通透 ，视野开阔，楼层好！！！,锦艺国际华都欧尚   ,3室1厅,89.68平米,南 北,33,未知, 热电厂 ,120,13381
央企保利，精装修标准小三室，南北通透 无遮挡,保利百合   ,3室2厅,89.3平米,南 北,34,未知, 热电厂 ,111,12431
南北通透小三室 20万装修 地暖全屋定制 全屋壁布,和昌澜景   ,3室2厅,89.26平米,南 北,30,未知, 儿童公园 ,112,12548
《贝壳优选》三环内 地铁口 两梯四户 毛坯 有钥匙,和昌湾景国际   ,3室2厅,87.92平米,东南,34,未知, 儿童公园 ,118,13422
地铁口 年代新 人车分流 环境优美 业主诚心出售 ！,和润林湖美景   ,3室2厅,89.65平米,西南,34,未知, 热电厂 ,104,11601
业主急售，装修比较好，楼层好，满五唯一,盛润锦绣城东院   ,3室1厅,88.71平米,南,33,未知, 王府井 ,102,11499
纯朝南，客厅带阳台，一楼有花园,正商明钻一期   ,2室2厅,87.57平米,南,27,未知, 五龙口 ,100,11420
全屋品牌装修 拎包入住 好楼层 业主诚意出售,正商金域世家   ,2室2厅,89.69平米,南,34,未知, 五龙口 ,102,11373
农业高架 精装双气电梯三房 两梯四户全款房满五不唯一房主自荐,升龙天汇9号院   ,3室2厅,89.78平米,南,33,未知, 月季公园 ,108,12030
带露台的三房诚心出售1号线400米看房随时联系有钥匙,五建新街坊5号院   ,3室2厅,88.01平米,南,33,未知, 热电厂 ,113,12840
《贝壳优选》不临高架 精装20万 中间层 视野好采光好,和昌湾景国际   ,3室2厅,87.92平米,南,34,未知, 儿童公园 ,106,12057
国企开发 亚新一级物业 人车分流 朝南两房 全天无遮挡,郑地璞园   ,2室2厅,89.9平米,南,33,未知, 五龙口 ,110,12236
业主自住房 诚心出售 看房方便 小区环境好,升龙天汇9号院   ,3室2厅,89.76平米,南,34,未知, 月季公园 ,105,11698
和昌湾景国际 朝南两室 采光无遮挡 视野好 地铁6号线,和昌湾景国际   ,2室2厅,76.55平米,南,34,未知, 儿童公园 ,105,13717
锦艺国际华都博郡 3室1厅 南,锦艺国际华都博郡   ,3室1厅,88.2平米,南,33,未知, 热电厂 ,100,11338
金二环 满五唯一 人车分流 视野宽阔 采光好 双阳台,升龙天汇1号院   ,3室1厅,87.99平米,南,34,未知, 五龙口 ,110,12502
三环内，地铁6号线，小高层，永威品质，精装,永威西苑   ,3室2厅,89.77平米,南 北,15,未知, 儿童公园 ,106,11808
2022年新小区 地铁口 人车分流 纯毛坯新房,汇泉景悦城1号院   ,3室2厅,85.95平米,西南,34,未知, 中原万达 ,107,12450
临街住宅商铺，税费低，可租可住，看房方便，诚心出售,淮河西路26号院   ,2室1厅,82.29平米,东 西,9,未知, 儿童公园 ,105,12760
三环内，地铁口，精装修小三室，楼层好，采光好，,五建新街坊5号院   ,3室2厅,88.01平米,南,33,未知, 热电厂 ,116,13181
小区人车分流，绿化环境好，2022年新小区,景悦城2号院   ,3室2厅,89.67平米,南,34,未知, 中原万达 ,106,11822
不临高架 中间楼层 自住装修6号线地铁口,和昌澜景   ,3室2厅,85.75平米,南,34,未知, 儿童公园 ,120,13995
新上好房，金二环地铁口，小区人车分流，双气好楼层！,正大·美丽泉   ,2室2厅,89.57平米,西南,26,未知, 儿童公园 ,101,11277
绿都城一楼带院 南北通透 地铁口,郑州绿都城   ,2室2厅,78.52平米,南 北,6,未知, 中原万达 ,108,13755
小区环境好，人车分流，次新小区,领创天誉华庭   ,3室2厅,88.73平米,南 北,33,未知, 五龙口 ,119,13412
满五唯一精装修，中间好楼层，看房方便，诚心出售。,正商金域世家   ,2室1厅,89.93平米,北 南,34,未知, 五龙口 ,100,11120
保利开发，地铁口，户型方正，全明户型，人车分离,保利心语一期   ,3室2厅,86.09平米,东,34,未知, 中原万达 ,101,11732
二环！精装两房！急卖！满五年！,升龙天汇七号院   ,2室1厅,78.27平米,西北,34,未知, 月季公园 ,108,13799
地铁口 公园旁 花园式社区 一层私家花园,郑州绿都城   ,2室2厅,78.52平米,南 北,6,未知, 中原万达 ,115,14646
三环内 地铁口  次新房 人车分流环境好 好楼层,和润林湖美景   ,3室1厅,89.3平米,南,34,未知, 热电厂 ,102,11423
三环内新小区，户型好，非顶层，视野开阔,溢彩年华   ,3室2厅,88.39平米,南,27,未知, 中原万达 ,108,12219
精装修，南北透透，拎包入住，满五不唯一,城开绿城绿园   ,3室2厅,87.89平米,南,32,未知, 五龙口 ,109,12505
满五唯一 户型方正 采光好 精装修拎包入住,九龙城天悦龙庭   ,2室1厅,77平米,南,25,未知, 五龙口 ,103,13377
三环内，地铁口，南北通透户型，不临高架,和昌澜景   ,3室2厅,89.84平米,南 北,33,未知, 儿童公园 ,115,12801
三环内  婚房 未居住 精装修,金水世纪城   ,2室2厅,78.19平米,西南,32,未知, 五龙口 ,105,13429
锦艺商圈，精装修，中间楼层纯南三房,锦艺国际华都博郡   ,3室1厅,88.2平米,南,33,未知, 热电厂 ,102,11565
康桥物业，南北通透户型好，精装双气，电梯小高层,康桥上城品   ,2室2厅,89.8平米,南 北,18,未知, 儿童公园 ,112,12473
中原万达商圈，三环边，离主城区近次新小区人车分流,景悦城2号院   ,3室2厅,89.12平米,南,26,未知, 中原万达 ,118,13241
地铁口，奥体旁，全新毛坯，无贷款，诚意出售,融信望湖宸院   ,3室2厅,88.97平米,南,35,未知, 常西湖 ,108,12139
满五唯一 楼栋位置好 配套齐全 交通便利,锦艺国际华都美域   ,3室2厅,85.92平米,南,33,未知, 热电厂 ,108,12570
永威物业 小区环境好 品质高 配套好,永威泰和璟苑   ,3室2厅,89.97平米,南,34,未知, 常西湖 ,110,12227
锦艺旁，金水路，洋房社区，精装修，拎包入住,正商金域世家   ,2室1厅,89.33平米,西,34,未知, 五龙口 ,107,11979
地铁口人车分流交通便利诚心出售房主自荐,和润林湖美景   ,3室1厅,89.99平米,南,34,未知, 热电厂 ,110,12224
伊河路家属院 低楼层  精装修 可贷款,工人路35号   ,3室1厅,73.17平米,南 北,6,未知, 郑州晚报社 ,110,15034
风和日丽家园，带电梯，标准三室，全明户型，朝南,风和日丽家园   ,3室2厅,89.49平米,西南,34,未知, 五龙口 ,103,11510
伊小旁，采光好，小区停车方便，业主诚心出售，,19中家属院   ,3室1厅,74.48平米,南 北,5,未知, 郑州晚报社 ,105,14098
二环内，小高层下楼就是公园，老人孩子周末休闲好去处,九龙城天悦龙庭   ,2室1厅,88.93平米,西南,18,未知, 五龙口 ,106,11920
户型好，楼层好，采光好，配套设施齐全，交通便利,五建新街坊5号院   ,3室2厅,88.02平米,南,34,未知, 热电厂 ,107,12157
锦艺旁，金水路，洋房社区，精装修，拎包入住,正商金域世家   ,2室2厅,89.79平米,南 北,34,未知, 五龙口 ,105,11694
楼层低，三室，单位家属院，满五唯一,19中家属院   ,3室1厅,74.48平米,南 北,5,未知, 郑州晚报社 ,105,14098
锦绣城 89平精装三房 楼层好 采光视野好 诚心出售,盛润锦绣城西院   ,3室2厅,88.25平米,南,34,未知, 王府井 ,119,13485
锦艺一期 89平南北通透3居室 双阳台 前面无遮挡,锦艺国际华都欧尚   ,3室1厅,88.96平米,南 北,33,未知, 热电厂 ,109,12253
绿园精致装修三开间朝南小三居   业主换房诚售,城开绿城绿园B区   ,3室2厅,89.82平米,南,32,未知, 五龙口 ,103,11468
17年小区 人车分流 毛坯小三室  业主急售！,九龙国际   ,3室1厅,87.98平米,南,25,未知, 五龙口 ,106,12117
户型方正！采光无忧！税费低！装修干净!拎包即住！,陇海西路55号院   ,3室1厅,79.38平米,南 北,5,未知, 郑州晚报社 ,108,13606
急 售  好房 好楼层 满屋五一 没有抵押贷款 看房方便,方圆经纬社区   ,3室2厅,85.71平米,南 东南,31,未知, 王府井 ,100,11668
房子满五不唯一 户型好，方正，总价低，中间楼层,19中家属院   ,3室1厅,75.02平米,南 北,5,未知, 郑州晚报社 ,110,14663
一楼 工人路伊河路口 采光好 市政大暖,煤炭设计院家属院南院   ,3室1厅,77.24平米,南 北,7,未知, 郑州晚报社 ,115,14889
伊河路工人路 南北通透三房 采光好 生活方便,伊河路148   ,3室1厅,76.87平米,南 北,4,未知, 郑州晚报社 ,117,15221
桐一外小精装修南北通透户型可商贷，,文化宫路104号   ,2室1厅,77.33平米,南 北,7,未知, 郑州晚报社 ,102,13191
茜城花园，满五唯一，看房方便，一手业主，诚心出售,伊河路40号院   ,2室1厅,89.18平米,南,11,未知, 郑州晚报社 ,120,13456
晚报社家属院，伊河路南50米，上学方便，房龄新可贷款,工人路26号院   ,3室2厅,87.9平米,南 北,7,未知, 郑州晚报社 ,106,12060
伊河路小   单位家属院  双气新上,工人路18号   ,2室2厅,87.75平米,南 北,6,未知, 郑州晚报社 ,110,12536
好楼层，好采光，好户型，2梯4户，绿城品质,城开绿城绿园   ,3室2厅,89.63平米,南,32,未知, 五龙口 ,109,12162
农业高架 精装双气电梯三房 两梯四户全款房满五不唯一房主自荐,升龙天汇9号院   ,3室2厅,89.78平米,南,33,未知, 月季公园 ,108,12030
双地铁  锦艺商圈  两卧室朝南  视野开阔,锦艺国际华都濠庭   ,2室1厅,86.13平米,南,29,未知, 热电厂 ,110,12772
农业路旁，87平小三房，次新小区业主诚心出售,九龙国际   ,3室2厅,86.27平米,南,34,未知, 五龙口 ,105,12172
南北通透格局  户型方正 配套齐全,锦艺国际华都欧尚   ,3室1厅,89.02平米,南 北,33,未知, 热电厂 ,119,13368
全屋品牌装修 拎包入住 好楼层 业主诚意出售,正商金域世家   ,2室2厅,89.69平米,南,34,未知, 五龙口 ,102,11373
【贝壳优选】精装小三房，好楼层，业主诚心出售,阳光城丽景公馆南苑   ,3室2厅,88.96平米,南,34,未知, 中原万达 ,112,12590
1梯两户  南北通透 秦岭路地铁口300米 配套成熟,金源第一城   ,2室2厅,87.04平米,南 北,6,未知, 热电厂 ,110,12638
南北t通透，楼层，楼栋位置好。采光不遮挡,锦艺国际华都美域   ,3室1厅,89.48平米,南 北,33,未知, 热电厂 ,118,13188
农业路旁  优质小三居  好楼层  拎包入住,九龙国际   ,3室1厅,87.01平米,南,34,未知, 五龙口 ,113,12988
视野开阔，配套齐全，双地铁口，经典三房，价格合理,锦艺国际华都欧尚   ,3室1厅,89.02平米,南 北,33,未知, 热电厂 ,108,12133
房子楼层好，精装修温馨两房，业主诚心出售，伊河路,林山寨村   ,2室2厅,77.62平米,南,7,未知, 郑州晚报社 ,115,14816
人车分流 一号地铁口 五建新街坊5号院 次新小区 急售,五建新街坊5号院   ,3室1厅,88.37平米,南,34,未知, 热电厂 ,106,11996
客厅带阳台户型，好位置无遮挡，满五唯一,正商金域世家   ,2室2厅,88.63平米,南,34,未知, 五龙口 ,114,12863
十号院纯南大两房，双气满五年，交通便利，育红,升龙天汇10号院   ,2室2厅,84.75平米,南,33,未知, 月季公园 ,100,11800
三环内，地铁6号线，小高层，永威品质，精装,永威西苑   ,3室2厅,89.77平米,南 北,15,未知, 儿童公园 ,106,11808
《贝壳优选》不临高架 精装20万 中间层 视野好采光好,和昌湾景国际   ,3室2厅,87.92平米,南,34,未知, 儿童公园 ,106,12057
金二环 满五唯一 人车分流 视野宽阔 采光好 双阳台,升龙天汇1号院   ,3室1厅,87.99平米,南,34,未知, 五龙口 ,110,12502
带露台的三房诚心出售1号线400米看房随时联系有钥匙,五建新街坊5号院   ,3室2厅,88.01平米,南,33,未知, 热电厂 ,113,12840
国企开发 亚新一级物业 人车分流 朝南两房 全天无遮挡,郑地璞园   ,2室2厅,89.9平米,南,33,未知, 五龙口 ,110,12236
锦艺旁，金水路，洋房社区，精装修，拎包入住,正商金域世家   ,2室1厅,89.59平米,南,34,未知, 五龙口 ,102,11386
14号线地铁口300米 奥体植物园旁 价格可谈急售,融信融园   ,3室2厅,89.89平米,南,34,未知, 常西湖 ,108,12015
只卖两周，产权清晰零抵押，采光良好，视野开阔房主自荐,工人路187号   ,3室1厅,89.79平米,南,32,未知, 电力新村 ,105,11694
和昌湾景国际 朝南两室 采光无遮挡 视野好 地铁6号线,和昌湾景国际   ,2室2厅,76.55平米,南,34,未知, 儿童公园 ,105,13717
南北通透小三室 20万装修 地暖全屋定制 全屋壁布,和昌澜景   ,3室2厅,89.26平米,南 北,30,未知, 儿童公园 ,112,12548
格局好，户型通透 ，视野开阔，楼层好！！！,锦艺国际华都欧尚   ,3室1厅,89.68平米,南 北,33,未知, 热电厂 ,120,13381
三环内 电梯洋房 1梯2户 南北户型 朝向好 套内面积大,九龙城龙腾西城   ,3室2厅,87.93平米,南,6,未知, 五龙口 ,116,13193
房子 一楼带院 户型方正 地铁一号线口200米,金源第一城   ,2室2厅,88.54平米,南,15,未知, 热电厂 ,116,13102
地铁口、公园旁，全新精装修，交通便利,金水世纪城   ,2室2厅,78.71平米,南 北,32,未知, 五龙口 ,106,13468
南北通透的两房户型，毛坯，诚心卖,领创天誉华庭   ,2室2厅,78.37平米,南 北,27,未知, 五龙口 ,101,12888
二环边高品质洋房小区，客厅朝南带阳台 精装拎包入住房主自荐,正商金域世家   ,2室2厅,88.63平米,南,34,未知, 五龙口 ,120,13540
满二年精装小三房，带有50平大露台，新小区人车分流,建业盛悦府   ,3室2厅,88.94平米,南,34,未知, 五龙口 ,120,13493
品质园林小区 品质精装修 三开间朝南 拎包入住,领创天誉华庭   ,3室1厅,88.73平米,南,33,未知, 五龙口 ,118,13299
小区前排，位置好，业主诚心出售。,锦艺国际华都美域   ,3室1厅,87.85平米,南,32,未知, 热电厂 ,120,13660
院里能停车 看房方便 南北通透 三房  市政府 碧沙岗,林山寨村   ,3室1厅,86.88平米,南 北,7,未知, 郑州晚报社 ,106,12201
锦艺国际华都博郡 3室1厅 南,锦艺国际华都博郡   ,3室1厅,88.2平米,南,33,未知, 热电厂 ,100,11338
采光充足，南北通透，中间楼层，看房方便,方圆经纬社区   ,3室1厅,85.92平米,南 北,27,未知, 王府井 ,103,11988
满五唯一  精装修   完全人车分流  业主诚心出售,保利百合   ,2室2厅,79平米,南,33,未知, 热电厂 ,105,13292
业主自住房 诚心出售 看房方便 小区环境好,升龙天汇9号院   ,3室2厅,89.76平米,南,34,未知, 月季公园 ,105,11698
地铁口 年代新 人车分流 环境优美 业主诚心出售 ！,和润林湖美景   ,3室2厅,89.65平米,西南,34,未知, 热电厂 ,104,11601
业主急售，装修比较好，楼层好，满五唯一,盛润锦绣城东院   ,3室1厅,88.71平米,南,33,未知, 王府井 ,102,11499
22年交房的新小区，业主诚心出，好楼层好位置值得一看,华瑞紫韵雅园   ,3室2厅,89.01平米,南,34,未知, 中原万达 ,105,11797
锦艺三期  中低楼层 采光不遮挡 南向三房 看房方便,锦艺国际华都博郡   ,3室2厅,88.29平米,南,34,未知, 热电厂 ,116,13139
农业路旁20年交房  精装三居室  拎包入住   业主 急售新上,九龙国际   ,3室2厅,89.66平米,南,26,未知, 五龙口 ,112,12492
一梯一户人车分流20年小区环境好急售房主自荐,华瑞紫韵星园   ,3室1厅,89.15平米,南 北,30,未知, 中原万达 ,111,12552
河景房  万达旁  精装修  拎包入住,汇泉景悦城1号院   ,3室2厅,89.1平米,南,34,未知, 中原万达 ,117,13132
人车分流 连廊通透户型 次新小区 地铁 锦艺、华强,领创天誉华庭   ,3室2厅,88.73平米,南,33,未知, 五龙口 ,110,12398
万达旁 精装修三房 2020年次新小区 税费少,阳光城丽景公馆南苑   ,3室2厅,89.35平米,南 北,34,未知, 中原万达 ,110,12312
和昌湾景国际 3室1厅 南,和昌湾景国际   ,3室1厅,89.27平米,南,11,未知, 儿童公园 ,109,12267
精装修，中间楼层，带电梯，满五不唯一，诚心出售,中原新城学府小区   ,2室1厅,73.33平米,西,30,未知, 郑州晚报社 ,110,15001
中原路西三环次新房小区精装三居出售无个税,阳光城丽景公馆南苑   ,3室2厅,89平米,南,34,未知, 中原万达 ,120,13484
房子朝东，温馨小3室。 满五不唯一,工人路26号院   ,3室1厅,72.2平米,东,5,未知, 郑州晚报社 ,118,16344
业主诚意出售，家里装修不错，满五年正常税费,盛润锦绣城东院   ,2室1厅,79.44平米,南,31,未知, 王府井 ,110,13847
一楼带院可做商铺，办公生意很划算,正商明钻二期   ,2室2厅,89.06平米,南,6,未知, 五龙口 ,118,13250
业主诚意出售，满五年唯一，正常税费,盛润锦绣城东院   ,3室1厅,84.67平米,南,31,未知, 王府井 ,110,12992
2015年新社区，满五不唯一，精装2房，采光无遮挡,方圆经纬社区   ,2室1厅,78.5平米,南,31,未知, 王府井 ,120,15287
业主诚意出售，满五年唯一，正常税费,盛润锦绣城东院   ,3室1厅,85.42平米,南 北,34,未知, 王府井 ,113,13229
：新小区，人车分流，小区比较安静，,方圆经纬二期   ,2室2厅,78平米,南,32,未知, 王府井 ,109,13975
房子满五不唯一、南朝向、精装修、诚心出售,盛润锦绣城东院   ,3室1厅,85.43平米,南,34,未知, 王府井 ,110,12877
锦艺城 方圆经纬 15年电梯房 南北通透 精装修三房,方圆经纬社区   ,3室2厅,84.99平米,南 北,31,未知, 王府井 ,118,13884
二环边，满五唯一，精装修两房，好楼层。,方圆经纬社区   ,2室1厅,78.96平米,南,29,未知, 王府井 ,115,14565
房子采光很好，中间楼层，业主诚心出售，看房方便房主自荐,宏江瀚苑   ,2室1厅,86.91平米,东,34,未知, 碧沙岗 ,100,11507
2017年纯人车分流社区地铁口500米南向两室精装修出售,宏江瀚苑   ,2室1厅,86.5平米,南,34,未知, 碧沙岗 ,100,11561
业主急售，装修比较好，满五唯一，精装,盛润锦绣城东院   ,3室1厅,88.89平米,南,33,未知, 王府井 ,118,13275
前排采光无遮挡   看房基本随时   价格可谈 诚意出售,方圆经纬社区   ,2室1厅,80.24平米,南 北,29,未知, 王府井 ,119,14831
房子南北通透，诚心出售，看房方便！,方圆经纬社区   ,3室2厅,84.99平米,南 北,31,未知, 王府井 ,108,12708
盛润锦绣城西院 2室2厅 南,盛润锦绣城西院   ,2室2厅,82.43平米,南,32,未知, 王府井 ,113,13709
纯朝南户型，采光好无遮挡，中间楼层 诚心出售,方圆经纬社区   ,2室2厅,80.3平米,南,27,未知, 王府井 ,100,12454
互小  五一公园   南北格局,郑州中医院家属院   ,2室1厅,79.96平米,南 北,7,未知, 王府井 ,105,13132
客厅朝南带阳台，中区景观，采光无遮挡，业主诚意出售,方圆经纬社区   ,2室1厅,79.65平米,南,32,未知, 王府井 ,106,13309
6号线地铁口，不临高架，采光无遮挡，诚心出售,和昌澜景   ,3室2厅,89.36平米,南 北,31,未知, 儿童公园 ,110,12310
人车分流新小区，没住过人，不临高架，无抵押，随时看,阳光城丽景公馆南苑   ,3室1厅,88.96平米,南 北,34,未知, 中原万达 ,118,13265
前排采光视野好015年社区双地铁,方圆经纬社区   ,2室1厅,80.12平米,南,29,未知, 王府井 ,108,13480
业主急售，装修比较好，楼层好，满五不唯一,盛润锦绣城西院   ,3室1厅,82.43平米,西,32,未知, 王府井 ,116,14073
无遮挡，满五，全屋地暖，精装修，看房方便,方圆经纬社区   ,2室1厅,79.11平米,南,31,未知, 王府井 ,113,14284
楼层好  小区前排 ，采光日照无遮挡  中间楼层,方圆经纬社区   ,2室2厅,80.12平米,南,29,未知, 王府井 ,106,13231
金水西路，正商开发大型社区，优质两房，业主急售！,正商金域世家   ,2室1厅,89.93平米,南,34,未知, 五龙口 ,103,11454
此房满五年，双气，采光充足，设施完善，交通便利,互助路24号院   ,3室1厅,88平米,南 北,7,未知, 王府井 ,110,12500
房子中间楼层，卧室全朝阳采光好。,方圆经纬二期   ,2室1厅,77.32平米,南 西,33,未知, 王府井 ,110,14227
满五年 户型好 小高层 乘坐方便 地铁五合格号线,中原新城王府东院   ,2室2厅,88.35平米,西南,11,未知, 郑州一中 ,100,11319
绿都城南北通透，一楼两房，光线充足，带一个院子房主自荐,郑州绿都城   ,2室1厅,79.61平米,南 北,6,未知, 中原万达 ,106,13315
满五年无贷款，价位实惠，楼层位置俱佳，看房方便,启福尚都   ,2室2厅,75.25平米,南,32,未知, 中原万达 ,104,13821
方圆经纬 双卧朝南大2房 产权清晰 看房方便 配套成熟,方圆经纬社区   ,2室1厅,78.5平米,西南,31,未知, 王府井 ,113,14395
满五唯一，税费少，中低楼层 采光好 楼间距80米,方圆经纬社区   ,2室1厅,84.45平米,南,31,未知, 王府井 ,120,14210
三环内次新小三房 业主诚心出售,九龙国际   ,3室2厅,87.43平米,南,34,未知, 五龙口 ,107,12239
2023年小区，地铁口，万达旁，人车分流环境好,汇泉景悦城1号院   ,3室2厅,88.73平米,南,34,未知, 中原万达 ,102,11496
地铁口，奥体旁，全新毛坯，有钥匙，随时看房,融信望湖宸院   ,3室2厅,88.97平米,南,35,未知, 常西湖 ,115,12926
业主诚意出售，，满五年不唯一，正常税费,盛润锦绣城东院   ,3室1厅,85.43平米,南,34,未知, 王府井 ,120,14047
金水路，洋房社区，精装修，拎包入住,正商金域世家   ,2室2厅,89.69平米,东南,34,未知, 五龙口 ,100,11150
2023年4月份新交房子中间楼层不临高架,景悦城2号院   ,3室2厅,88.33平米,西南,26,未知, 中原万达 ,115,13020
业主诚心出售，价格可谈，采光好，看房方便,方圆经纬社区   ,3室1厅,85.71平米,南 北,31,未知, 王府井 ,120,14001
桐柏南路3号院 2室1厅 南 北,桐柏南路3号院   ,2室1厅,85.44平米,南 北,7,未知, 电力新村 ,108,12641
不临高架，没住过人，智能化新小区，满两年精装好楼层,阳光城丽景公馆南苑   ,3室2厅,87.6平米,东南,34,未知, 中原万达 ,119,13585
新小区 人车分流 风雨连廊 精装二室 业主诚心出售,民安西上一号院   ,2室2厅,71.14平米,南,33,未知, 帝湖 ,105,14760
精装两房，业主诚心卖，位置好配套好物业好,正商金域世家   ,2室1厅,89.84平米,北,34,未知, 五龙口 ,117,13024
电力单位房，户型方正，单位人员素质高,世纪花园   ,2室2厅,79.97平米,南,23,未知, 儿童公园 ,120,15006
一楼带院 花语里一梯两户洋房 诚心出售,花语里   ,2室1厅,82.31平米,南 北,11,未知, 五龙口 ,110,13365
和昌澜景 朝南三房 全明户型  低楼层 噪音小,和昌澜景   ,3室2厅,88.07平米,南,34,未知, 儿童公园 ,105,11923
不临高架 小高层 铝合金定制 零甲醛 6号线口,和昌澜景   ,3室1厅,84.6平米,南,20,未知, 儿童公园 ,103,12175
绿都城一楼带院子 院子40多平 无贷款 急售 好房！,郑州绿都城   ,3室1厅,82.97平米,南 北,6,未知, 中原万达 ,119,14343
和昌澜景，三环内次新小区，地铁6号线，不临街不临路,和昌澜景   ,3室2厅,89.07平米,南,34,未知, 儿童公园 ,113,12687
二环内地铁口精装修户型方正中间楼层诚心出售,方圆经纬社区   ,3室1厅,85.53平米,南,29,未知, 王府井 ,102,11985
5号线地铁口，2014年双气精装，人车分流，看房方便,正大·美丽泉   ,3室1厅,88.39平米,南 北,26,未知, 儿童公园 ,100,11314
奥体旁，地铁口，环境好，诚心出售,融信望湖宸院   ,3室2厅,88.99平米,南,34,未知, 常西湖 ,105,11800
南北通透三室   业主诚意出售    精装修  随时看房,方圆经纬社区   ,3室1厅,86.72平米,南 北,32,未知, 王府井 ,106,12224
方圆经纬三房 采光好 南北通透,方圆经纬社区   ,3室1厅,85.92平米,南 北,32,未知, 王府井 ,110,12803
房子精装修，不临路 中间楼栋 ，看房也方便,金水世纪城   ,3室2厅,87.21平米,南,34,未知, 五龙口 ,115,13187
二环边湖景房，临湖视野，户型方正，采光好，,帝湖花园   ,2室1厅,88.78平米,南 北,6,未知, 帝湖 ,109,12278
新小区 人车分流 风雨连廊 精装三室 业主诚心出售,民安西上一号院   ,3室2厅,88.97平米,南,30,未知, 帝湖 ,110,12364
中原路地铁口 双气大两房 伊河路,中原西路215号院   ,2室1厅,77.44平米,南,8,未知, 郑州晚报社 ,120,15496
小区中间位置，安静 楼层好 园林小区 采光好,方圆经纬社区   ,2室2厅,84.52平米,东南,31,未知, 王府井 ,115,13607
好楼层 南北通透的温馨三居 居家装修 采光刺眼,方圆经纬社区   ,2室1厅,86.72平米,南 北,32,未知, 王府井 ,110,12685
永威泰和景苑地铁口奥体旁品质房子,永威泰和璟苑   ,3室2厅,88.85平米,南,34,未知, 常西湖 ,119,13394
刚交房5年次新房 上73 精装三房  人车分离,民安西上一号院   ,3室2厅,88.44平米,西南,33,未知, 帝湖 ,119,13456
2023年4月份新交房子中间楼层不临高架,景悦城2号院   ,3室2厅,88.33平米,西南,26,未知, 中原万达 ,115,13020
桐柏南路3号院 2室1厅 南 北,桐柏南路3号院   ,2室1厅,85.44平米,南 北,7,未知, 电力新村 ,108,12641
新小区 人车分流 风雨连廊 精装二室 业主诚心出售,民安西上一号院   ,2室2厅,71.14平米,南,33,未知, 帝湖 ,105,14760
业主诚心出售，价格可谈，采光好，看房方便,方圆经纬社区   ,3室1厅,85.71平米,南 北,31,未知, 王府井 ,120,14001
精装两房，业主诚心卖，位置好配套好物业好,正商金域世家   ,2室1厅,89.84平米,北,34,未知, 五龙口 ,117,13024
和昌澜景，三环内次新小区，地铁6号线，不临街不临路,和昌澜景   ,3室2厅,89.07平米,南,34,未知, 儿童公园 ,113,12687
绿都城一楼带院子 院子40多平 无贷款 急售 好房！,郑州绿都城   ,3室1厅,82.97平米,南 北,6,未知, 中原万达 ,119,14343
不临高架，没住过人，智能化新小区，满两年精装好楼层,阳光城丽景公馆南苑   ,3室2厅,87.6平米,东南,34,未知, 中原万达 ,119,13585
楼层好  小区前排 ，采光日照无遮挡  中间楼层,方圆经纬社区   ,2室2厅,80.12平米,南,29,未知, 王府井 ,106,13231
金水西路，正商开发大型社区，优质两房，业主急售！,正商金域世家   ,2室1厅,89.93平米,南,34,未知, 五龙口 ,103,11454
地铁口，奥体旁，全新毛坯，有钥匙，随时看房,融信望湖宸院   ,3室2厅,88.97平米,南,35,未知, 常西湖 ,115,12926
业主诚意出售，，满五年不唯一，正常税费,盛润锦绣城东院   ,3室1厅,85.43平米,南,34,未知, 王府井 ,120,14047
2015年新社区，满五不唯一，精装2房，采光无遮挡,方圆经纬社区   ,2室1厅,78.5平米,南,31,未知, 王府井 ,120,15287
锦艺商圈 双地铁 配套齐全 阳光小三房 拎包入住,锦艺国际华都博郡   ,3室2厅,88.29平米,南,34,未知, 热电厂 ,120,13592
2023年9月装修，价格实惠，看房方便。,民安西上一号院   ,3室1厅,89.03平米,南,33,未知, 帝湖 ,116,13030
前面采光无遮挡，视野开阔 满五年 业主诚心卖,锦艺国际华都美域   ,3室1厅,88.11平米,南 北,32,未知, 热电厂 ,103,11690
伊河路150号院 3室1厅 南 北,伊河路150号院   ,3室1厅,78.08平米,南 北,5,未知, 郑州晚报社 ,110,14089
康桥上城品 通透三房 使用面积大 得房率高,康桥上城品   ,3室2厅,87.95平米,南,27,未知, 儿童公园 ,105,11939
公务员小区，西流湖边，地铁口，大两房，诚心出售,启福尚都   ,2室2厅,77.21平米,南,32,未知, 中原万达 ,105,13600
和昌澜景   通透二室  地铁口   交通便利,和昌澜景   ,2室1厅,74.92平米,南,34,未知, 儿童公园 ,100,13348
经典双阳台，两房户型方正，中间楼层，满五唯一,保利心语一期   ,2室2厅,87.03平米,南,34,未知, 中原万达 ,115,13214
配套成熟，清凉幽静，格局明朗大方，楼层好，配套齐全,盛润锦绣城西院   ,2室2厅,81.71平米,东 南,32,未知, 王府井 ,100,12239
盛润锦绣城东院 3室2厅 南 西南新上,盛润锦绣城东院   ,3室2厅,86.42平米,南 西南,34,未知, 王府井 ,115,13308
20年交房，精装大阳台小三房，光线好无遮挡 诚心出售,和昌澜景   ,3室1厅,89.44平米,南,33,未知, 儿童公园 ,112,12523
满五年唯一住房 ，精装双气两房 业主诚心出售新上,盛润锦绣城东院   ,2室1厅,79.44平米,南 北,31,未知, 王府井 ,115,14477
西流湖，地铁十号线，无抵押无贷款,启福尚都   ,2室2厅,77.36平米,南,32,未知, 中原万达 ,106,13703
锦艺三期  中低楼层 采光不遮挡 南向三房 看房方便,锦艺国际华都博郡   ,3室2厅,88.29平米,南,34,未知, 热电厂 ,116,13139
人车分流 连廊通透户型 次新小区 地铁 锦艺、华强,领创天誉华庭   ,3室2厅,88.73平米,南,33,未知, 五龙口 ,110,12398
22年交房的新小区，业主诚心出，好楼层好位置值得一看,华瑞紫韵雅园   ,3室2厅,89.01平米,南,34,未知, 中原万达 ,105,11797
河景房  万达旁  精装修  拎包入住,汇泉景悦城1号院   ,3室2厅,89.1平米,南,34,未知, 中原万达 ,117,13132
此房满五多层二楼  户型方正  距离双地铁口大概300米,棉纺西路新楼   ,2室2厅,82.76平米,南 北,7,未知, 王府井 ,105,12688
劲爆！四楼带平台双气小三房 业主诚心出售！,工人路186号   ,3室1厅,83.59平米,南,22,未知, 电力新村 ,110,13160
房子满五年唯一，正常税费，业主诚意出售,盛润锦绣城东院   ,3室1厅,85.43平米,南,34,未知, 王府井 ,113,13228
前排89平3房 中间楼栋 全明户型 业主诚信出售,盛润锦绣城东院   ,3室2厅,88.72平米,南,33,未知, 王府井 ,115,12963
花语里铂金楼层，耀眼装修视野宽，无忧看房中！,花语里   ,2室1厅,88.47平米,南 北,18,未知, 五龙口 ,113,12773
房子中间楼层，卧室全朝阳采光好。,方圆经纬二期   ,2室1厅,77.32平米,南 西,33,未知, 王府井 ,110,14227
盛润锦绣城，精装3房，地铁口，诚心出售，看房方便房主自荐,盛润锦绣城东院   ,3室1厅,85.42平米,南,34,未知, 王府井 ,120,14049
满五年，中间楼层，2007年双气，毛坯房，南北通透,郑州国棉四厂   ,2室2厅,86.23平米,南 北,6,未知, 王府井 ,110,12757
此房满五唯一无抵押，前排楼栋视野采光好，诚心出售,方圆经纬社区   ,3室1厅,85.92平米,南 北,32,未知, 王府井 ,118,13734
万达旁 一楼带院子 通透两房 采光好 公摊小 交通便利房主自荐,湖光苑   ,2室2厅,77.89平米,南 北,6,未知, 中原万达 ,102,13096
二环线，湖边多层，配套成熟。税费少，户型好,帝湖花园   ,2室1厅,86.09平米,南 北,6,未知, 帝湖 ,105,12197
满五唯一，看房方便。配套很好楼层不错,中原工学院家属院   ,2室2厅,83.62平米,南 北,7,未知, 王府井 ,120,14351
采光好，6号线，人车分流，次新小区绿化好；,和昌澜景   ,3室2厅,87.14平米,南,26,未知, 儿童公园 ,101,11591
《贝壳优选》三环内 地铁口 次新小区 南北 不临高架,和昌湾景国际   ,3室2厅,88.15平米,南 北,34,未知, 儿童公园 ,100,11345
民安西上小区，18年人车分流小区，花园式社区。,民安西上一号院   ,2室1厅,72.07平米,南,33,未知, 帝湖 ,103,14292
郑州工业贸易北家属院，业主诚心出售，看房方便,郑州工业贸易学校北家属院   ,2室1厅,74.24平米,南 北,6,未知, 王府井 ,116,15626
前排带露台，客厅朝南采光不挡  附带负一车位,方圆经纬社区   ,2室1厅,79.73平米,南 北,29,未知, 王府井 ,108,13546
航海路万科民安西上 人车分流 风雨连廊 精装修！,民安西上一号院   ,3室1厅,71.1平米,南,33,未知, 帝湖 ,105,14768
保利心语小三房，纯朝南户型，全明户型,保利心语一期   ,3室1厅,83.89平米,南,34,未知, 中原万达 ,103,12278
房子对流，小区中间，观景楼层，采光充足，满五唯一,方圆经纬社区   ,3室1厅,84.99平米,南 北,31,未知, 王府井 ,120,14120
盛润锦绣城西院 2室2厅 南,盛润锦绣城西院   ,2室2厅,82.43平米,南,32,未知, 王府井 ,104,12726
满五唯一  楼层适中 喜欢楼层低的看过来,方圆经纬二期   ,3室2厅,82.45平米,南 北,33,未知, 王府井 ,120,14555
不临高架 地暖精装 全屋定制 6号线口,和昌澜景   ,3室1厅,89.16平米,南,33,未知, 儿童公园 ,105,11777
盛润锦绣城东院 南北通透全明户型 业主诚心出售,盛润锦绣城东院   ,3室1厅,85.43平米,南 北,34,未知, 王府井 ,120,14047
中间楼层，采光视线不挡，户型方正，视觉俱佳,中原新城学府小区   ,1室1厅,73.33平米,西,30,未知, 郑州晚报社 ,113,15410
前排采光视野好015年社区双地铁,方圆经纬社区   ,2室1厅,80.12平米,南,29,未知, 王府井 ,108,13480
西流湖旁次新小区人车分流交通便利,凤凰城凤雅苑   ,3室1厅,89.18平米,南,33,未知, 中原万达 ,115,12896
前排采光无遮挡   看房基本随时   价格可谈 诚意出售,方圆经纬社区   ,2室1厅,80.24平米,南 北,29,未知, 王府井 ,119,14831
花语里铂金楼层，耀眼装修视野宽，无忧看房中！,花语里   ,2室1厅,88.47平米,南 北,18,未知, 五龙口 ,113,12773
房子中间楼层，卧室全朝阳采光好。,方圆经纬二期   ,2室1厅,77.32平米,南 西,33,未知, 王府井 ,110,14227
盛润锦绣城，精装3房，地铁口，诚心出售，看房方便房主自荐,盛润锦绣城东院   ,3室1厅,85.42平米,南,34,未知, 王府井 ,120,14049
满五唯一，看房方便。配套很好楼层不错,中原工学院家属院   ,2室2厅,83.62平米,南 北,7,未知, 王府井 ,120,14351
航海路万科民安西上 人车分流 风雨连廊 精装修！,民安西上一号院   ,3室1厅,71.1平米,南,33,未知, 帝湖 ,105,14768
民安西上小区，18年人车分流小区，花园式社区。,民安西上一号院   ,2室1厅,72.07平米,南,33,未知, 帝湖 ,103,14292
郑州工业贸易北家属院，业主诚心出售，看房方便,郑州工业贸易学校北家属院   ,2室1厅,74.24平米,南 北,6,未知, 王府井 ,116,15626
房子对流，小区中间，观景楼层，采光充足，满五唯一,方圆经纬社区   ,3室1厅,84.99平米,南 北,31,未知, 王府井 ,120,14120
采光好，6号线，人车分流，次新小区绿化好；,和昌澜景   ,3室2厅,87.14平米,南,26,未知, 儿童公园 ,101,11591
《贝壳优选》三环内 地铁口 次新小区 南北 不临高架,和昌湾景国际   ,3室2厅,88.15平米,南 北,34,未知, 儿童公园 ,100,11345
前排89平3房 中间楼栋 全明户型 业主诚信出售,盛润锦绣城东院   ,3室2厅,88.72平米,南,33,未知, 王府井 ,115,12963
前排带露台，客厅朝南采光不挡  附带负一车位,方圆经纬社区   ,2室1厅,79.73平米,南 北,29,未知, 王府井 ,108,13546
保利心语小三房，纯朝南户型，全明户型,保利心语一期   ,3室1厅,83.89平米,南,34,未知, 中原万达 ,103,12278
此房满五多层二楼  户型方正  距离双地铁口大概300米,棉纺西路新楼   ,2室2厅,82.76平米,南 北,7,未知, 王府井 ,105,12688
桐柏南路3号院 2室1厅 南 北,桐柏南路3号院   ,2室1厅,85.44平米,南 北,7,未知, 电力新村 ,108,12641
新小区 人车分流 风雨连廊 精装二室 业主诚心出售,民安西上一号院   ,2室2厅,71.14平米,南,33,未知, 帝湖 ,105,14760
精装两房，业主诚心卖，位置好配套好物业好,正商金域世家   ,2室1厅,89.84平米,北,34,未知, 五龙口 ,117,13024
业主诚心出售，价格可谈，采光好，看房方便,方圆经纬社区   ,3室1厅,85.71平米,南 北,31,未知, 王府井 ,120,14001
和昌澜景，三环内次新小区，地铁6号线，不临街不临路,和昌澜景   ,3室2厅,89.07平米,南,34,未知, 儿童公园 ,113,12687
电力单位房，户型方正，单位人员素质高,世纪花园   ,2室2厅,79.97平米,南,23,未知, 儿童公园 ,120,15006
绿都城一楼带院子 院子40多平 无贷款 急售 好房！,郑州绿都城   ,3室1厅,82.97平米,南 北,6,未知, 中原万达 ,119,14343
2023年4月份新交房子中间楼层不临高架,景悦城2号院   ,3室2厅,88.33平米,西南,26,未知, 中原万达 ,115,13020
景观楼层 双阳台朝南两室，精装修领包入住 满五唯一,方圆经纬社区   ,2室1厅,79.65平米,南,32,未知, 王府井 ,110,13811
南北通透三室   业主诚意出售    精装修  随时看房,方圆经纬社区   ,3室1厅,86.72平米,南 北,32,未知, 王府井 ,106,12224
户型方正，双地铁，200米锦艺购物商场。,方圆经纬二期   ,3室1厅,85.63平米,北 南,32,未知, 王府井 ,115,13430
民安西上一号院三房，次新小区风雨连廊,民安西上一号院   ,3室1厅,88.3平米,南,33,未知, 帝湖 ,117,13251
业主诚意出售，，满五年不唯一，中高楼层,盛润锦绣城东院   ,2室1厅,77.09平米,南,31,未知, 王府井 ,108,14010
万达旁 地铁口 满五唯一  户型方正 采光好  人车分流,万达广场东西区   ,2室1厅,89.84平米,南 北,33,未知, 中原万达 ,118,13135
公园旁，地铁口，南北通透大两居，业主诚心卖房主自荐,公园壹号   ,2室1厅,86.06平米,南 北,33,未知, 儿童公园 ,109,12666
三环内改善次新小区，小高层精装修标准三房无抵押,阳光城丽景公馆南苑   ,3室2厅,86.67平米,西南,17,未知, 中原万达 ,115,13269
金三环 运河旁 小三房 不临高架 好楼层 视野好,景悦城2号院   ,3室2厅,89.12平米,南,26,未知, 中原万达 ,103,11614
互助路，可贷款，正在加装电梯，中间楼层，看房方便,互助路21号院   ,3室2厅,78.26平米,南 北,8,未知, 王府井 ,100,12778
前排无遮挡，中间楼层，业主诚心出售，随时可以看房,方圆经纬社区   ,2室1厅,80.11平米,南,32,未知, 王府井 ,105,13107
1.5号线地铁口，出行方便，年代比较新,文化宫路69号院   ,2室2厅,83.64平米,北 南,7,未知, 王府井 ,112,13391
中间楼层，采光视线不挡，户型方正，视觉俱佳,中原新城学府小区   ,1室1厅,73.33平米,西,30,未知, 郑州晚报社 ,113,15410
西流湖旁次新小区人车分流交通便利,凤凰城凤雅苑   ,3室1厅,89.18平米,南,33,未知, 中原万达 ,115,12896
满五唯一， 业主诚意出售 位置好,锦艺国际华都美域   ,3室1厅,85.03平米,南,30,未知, 热电厂 ,118,13878
房子南北通透，形成空气对流，采光也不受影响,锦艺国际华都博郡   ,3室1厅,88.14平米,南 北,34,未知, 热电厂 ,109,12367
央企开发，保利物业，人车分离，全明户型，地铁万达,保利心语一期   ,2室2厅,87.03平米,西南,34,未知, 中原万达 ,119,13766
中间楼层 100米楼间距 纯朝南两房 配套齐全 价位便宜,锦艺国际华都欧尚   ,2室2厅,74.57平米,南,33,未知, 热电厂 ,100,13411
满五年，纯南采光充沛，双气，拎包入住！视野开阔。,九龙城龙腾西城   ,3室2厅,89.99平米,南,33,未知, 五龙口 ,105,11668
12年电梯小区 满五 精装修2居室,九龙城天悦龙庭   ,2室1厅,88.93平米,南,18,未知, 五龙口 ,110,12370
地铁口 15年建成 双气 临公园,正大·美丽泉   ,3室1厅,88.39平米,东南 南,26,未知, 儿童公园 ,105,11880
方正，三开间朝南好楼层，诚心卖,领创天誉华庭   ,3室1厅,88.28平米,南,33,未知, 五龙口 ,119,13480
方圆经纬2房精装，户型方正，朝南户型 。,方圆经纬社区   ,2室1厅,78.96平米,南,29,未知, 王府井 ,112,14185
地铁口此新小区紫韵雅园，采光无遮挡80米楼间距,华瑞紫韵雅园   ,3室2厅,89.94平米,南,34,未知, 中原万达 ,102,11341
出门进公园，西流湖旁，次新小区 一楼采光无遮挡。,凤凰城凤雅苑   ,3室2厅,86.61平米,南,34,未知, 中原万达 ,110,12701
盛润锦绣城，精装3房，地铁口，诚心出售，看房方便房主自荐,盛润锦绣城东院   ,3室1厅,85.42平米,南,34,未知, 王府井 ,120,14049
《贝壳优选》三环内 地铁口 次新小区 南北 不临高架,和昌湾景国际   ,3室2厅,88.15平米,南 北,34,未知, 儿童公园 ,100,11345
采光好，6号线，人车分流，次新小区绿化好；,和昌澜景   ,3室2厅,87.14平米,南,26,未知, 儿童公园 ,101,11591
前排带露台，客厅朝南采光不挡  附带负一车位,方圆经纬社区   ,2室1厅,79.73平米,南 北,29,未知, 王府井 ,108,13546
满五唯一，无抵押，中间楼层，采光好,方圆经纬社区   ,2室1厅,79.11平米,南,31,未知, 王府井 ,110,13905
南北户型，精装，可拎包入住。离互助路近,互助路18号院   ,3室1厅,82.55平米,南,6,未知, 王府井 ,100,12114
三环内 精装修采光好，小区绿化好，物业好，近地铁。,和润林湖美景   ,3室1厅,89.52平米,南,34,未知, 热电厂 ,105,11730
18年建成  次新小区，环境优美，人车分流,民安西上一号院   ,2室2厅,71.91平米,东南,33,未知, 帝湖 ,109,15158
房子户型好 看房方便 价格可谈 业主诚心,民安西上一号院   ,3室2厅,89.67平米,南 北,30,未知, 帝湖 ,113,12602
带电梯口车位和储藏室 前排3房 中间楼层 满五唯一,方圆经纬社区   ,3室1厅,85.92平米,南,27,未知, 王府井 ,108,12570
精装修 人车分流 2020年次新房 万达商圈10号线地铁口,阳光城丽景公馆南苑   ,3室2厅,86.34平米,南,18,未知, 中原万达 ,120,13899
地铁口，一梯两户，小区安静人少，居住舒适，,蓝天佳园   ,2室1厅,85.72平米,南 北,11,未知, 热电厂 ,108,12600
房子五年 业主诚心出售 有车位 看房方便·税费少,民安西上一号院   ,3室2厅,88.97平米,南,30,未知, 帝湖 ,113,12701
房子五年 业主诚心出售 有车位 看房方便·税费少,民安西上一号院   ,3室1厅,87.94平米,南 西,33,未知, 帝湖 ,119,13532
双地铁，小高层，户型好，2022年，人车分流，无个税,华瑞紫韵雅园   ,3室2厅,89.4平米,南,20,未知, 中原万达 ,108,12081
出门地铁口1号线50米带露台一梯两户，通透户型,蓝天佳园   ,2室2厅,86.68平米,南 北,11,未知, 热电厂 ,110,12691
方圆经纬 低密社区 纯南阳光两房 业主诚心出售,方圆经纬社区   ,2室1厅,78.96平米,南,29,未知, 王府井 ,102,12918
精装，满五唯一，采光好，额外+16平面积,城开绿城绿园   ,3室2厅,87.89平米,南 北,32,未知, 五龙口 ,120,13654
业主诚意出售，着急卖，满五年不唯一,盛润锦绣城东院   ,3室1厅,88.29平米,南,33,未知, 王府井 ,120,13592
三环内，通透精装修，楼下地铁口,和昌澜景   ,3室1厅,89.88平米,南 北,33,未知, 儿童公园 ,110,12239
盛润锦绣城东院 好楼层 精装双气 有车位和储藏室,盛润锦绣城东院   ,3室1厅,86.42平米,南,34,未知, 王府井 ,114,13192
新小区 小三室，低楼层，双地铁，交通出行方便,永威金桂苑   ,3室1厅,89.3平米,南,30,未知, 常西湖 ,100,11199
人车分流新小区，满二，楼层好，视野宽阔，采光充足。,汇泉城2号院   ,3室1厅,88.24平米,南,34,未知, 常西湖 ,100,11333
业主急售，2＋1户型，满五年，看房方便。,盛润锦绣城东院   ,3室1厅,84.26平米,南,31,未知, 王府井 ,105,12462
3号楼位置好，视野好，采光好，,阳光城丽景公馆南苑   ,3室2厅,87.47平米,南 北,34,未知, 中原万达 ,105,12005
纯毛坯，自由发挥装修，园林景观。有钥匙随时看房,方圆经纬社区   ,3室2厅,85.71平米,西,31,未知, 王府井 ,115,13418
河医片区 碧沙岗 丹尼斯旁 花园社区出行方便,方圆经纬社区   ,3室1厅,85.71平米,南,31,未知, 王府井 ,103,12018
小三室万达南水北调运河2022年小区,汇泉景悦城1号院   ,3室2厅,88.83平米,南,34,未知, 中原万达 ,107,12046
伊河路南区和19 两梯四户 16年建成,中原新城观澜一号   ,3室2厅,87.24平米,南 北,23,未知, 电力新村 ,120,13756
73 双气地暖精装修  满五唯一  温馨三房采光好,聚龙花园   ,3室1厅,87.22平米,南,18,未知, 儿童公园 ,102,11695
23年10月精装交付，诚心卖急售，相中价格好谈！,建业盛悦府   ,2室1厅,77.65平米,南,34,未知, 五龙口 ,105,13523
二环边人车分流品质小区，满五唯一，少有三房随时可看,领创天誉华庭   ,3室2厅,88.28平米,南,33,未知, 五龙口 ,118,13367
三环内 运河旁 6号线地铁口 朝南全明3房 有车位 急售房主自荐,和昌瑞景园   ,3室2厅,89.94平米,南,34,未知, 儿童公园 ,108,12009
地铁口，南北通透，中间层采光好，诚心卖,和昌澜景   ,3室1厅,89.05平米,南 北,34,未知, 儿童公园 ,117,13139
2021年新小区 精装修未入住 南无遮挡随时可看房房主自荐,华瑞紫韵雅园   ,3室2厅,89.01平米,南 北,34,未知, 中原万达 ,110,12359
3号楼位置好，视野好，采光好，,阳光城丽景公馆南苑   ,3室2厅,87.47平米,南 北,34,未知, 中原万达 ,105,12005
桐柏路陇海路地铁口   双气小三室  好楼层采光好,中原新城新天地小区   ,3室1厅,87.93平米,南,33,未知, 电力新村 ,108,12283
精装修未入住，看房方便，采光好，满五唯一,方圆经纬社区   ,3室2厅,84.99平米,南 北,31,未知, 王府井 ,105,12355
纯毛坯，自由发挥装修，园林景观。有钥匙随时看房,方圆经纬社区   ,3室2厅,85.71平米,西,31,未知, 王府井 ,115,13418
三环内，人车分流，三面采光小三房，高楼层视野好房主自荐,和润林湖美景   ,3室2厅,89.65平米,南 西 北,34,未知, 热电厂 ,102,11434
前排纯南两房 双地铁 五一公园 中医院,方圆经纬社区   ,2室1厅,80.24平米,南,29,未知, 王府井 ,118,14706
河医片区 碧沙岗 丹尼斯旁 花园社区出行方便,方圆经纬社区   ,3室1厅,85.71平米,南,31,未知, 王府井 ,103,12018
业主诚意出售，目前自住保养的很好，价格可小刀,方圆经纬社区   ,3室1厅,85.71平米,南 北,31,未知, 王府井 ,108,12601
方圆经纬 低密社区 纯南阳光两房 业主诚心出售,方圆经纬社区   ,2室1厅,78.96平米,南,29,未知, 王府井 ,102,12918
出门地铁口1号线50米带露台一梯两户，通透户型,蓝天佳园   ,2室2厅,86.68平米,南 北,11,未知, 热电厂 ,110,12691
业主诚意出售，满五年不唯一，正常税费,盛润锦绣城东院   ,3室2厅,86.42平米,南,34,未知, 王府井 ,118,13655
保利百合，洋房一楼，厅客朝南，诚心出售,保利百合   ,2室2厅,80.28平米,西南,10,未知, 热电厂 ,100,12457
小三房精装修业主诚心出售看房方便采光好,九龙城天悦龙庭   ,2室1厅,89.57平米,南,24,未知, 五龙口 ,108,12058
二环边锦艺旁，高档洋房小区，朝南两居室，诚心出售,正商金域世家   ,2室2厅,89.59平米,南,34,未知, 五龙口 ,105,11721
边户南北通透 精装修，未出租 满五年 视野采光好房主自荐,和润林湖美景   ,3室1厅,87.16平米,南 北,34,未知, 热电厂 ,109,12609
精装修，不临高架，诚心出售，满2唯一,汇泉景悦城1号院   ,3室1厅,89.11平米,南 北,34,未知, 中原万达 ,115,12906
此房业主急售，价格可商量，楼层采光好，南北通透，急,正商金域世家   ,2室2厅,89.93平米,南 北,34,未知, 五龙口 ,111,12343
此房满五唯一，楼层好，视野开阔，光线充足。,保利百合   ,2室2厅,87.87平米,南,34,未知, 热电厂 ,119,13543
房子电梯洋房，一梯两户 无遮挡。诚心出售！,九龙城龙腾西城   ,3室1厅,87.77平米,南,6,未知, 五龙口 ,119,13559
20年新小区，户型方正两室!亚新一级物业！急卖！,郑地璞园   ,2室1厅,88.25平米,南,33,未知, 五龙口 ,102,11559
南北通透三室，精装修，业主诚心出售！,方圆经纬社区   ,3室1厅,86.72平米,南 北,32,未知, 王府井 ,110,12685
二环边锦艺旁，洋房品质小区，南北通透精装两居室！,正商金域世家   ,2室2厅,89.93平米,南 北,34,未知, 五龙口 ,110,12232
17年小区，房龄新，楼层好，阳台大,天誉龙邸北区   ,2室1厅,89.94平米,南,33,未知, 五龙口 ,110,12231
房子满五唯一，税费少，前排好楼层！价位可谈！,方圆经纬社区   ,2室1厅,80.12平米,南,29,未知, 王府井 ,102,12794
华瑞紫韵城锦园 双地铁 次新房 人车分流 采光好,华瑞紫韵锦园   ,2室2厅,76.86平米,南,33,未知, 中原万达 ,110,14312
百合里南向两居室满五年唯一 精装修,百合里   ,2室1厅,88.97平米,南,28,未知, 五龙口 ,115,12926
二环边新小区，南北通透小三室满五唯一免个税 精装修,九龙国际   ,3室2厅,88.01平米,南 北,34,未知, 五龙口 ,107,12158
南北通透三房  全明格局  精装修  双地铁房主自荐,锦艺国际华都欧尚   ,3室1厅,88.19平米,南 北,26,未知, 热电厂 ,118,13381
锦艺城温馨三房好楼层精装修采光好,锦艺国际华都美域   ,3室2厅,85.92平米,南,33,未知, 热电厂 ,105,12221
锦艺商圈 双地铁 配套齐全 阳光小三房 全明户型,锦艺国际华都美域   ,3室1厅,88.28平米,南,32,未知, 热电厂 ,108,12234
带电梯口车位和储藏室 前排3房 中间楼层 满五唯一,方圆经纬社区   ,3室1厅,85.92平米,南,27,未知, 王府井 ,108,12570
新小区 人车分流 风雨连廊 看房有钥匙 业主诚心出售,民安西上一号院   ,3室1厅,88.63平米,南 北,33,未知, 帝湖 ,109,12299
伊河路工人路 满五年 诚心出售 看房方便,伊河路150号院   ,3室1厅,79.52平米,南 北,5,未知, 郑州晚报社 ,100,12576
经典双阳台两房，户型可舒服，随时看房,保利心语一期   ,2室2厅,86.95平米,南 北,34,未知, 中原万达 ,109,12536
南北户型，精装，可拎包入住。离互助路近,互助路18号院   ,3室1厅,82.55平米,南,6,未知, 王府井 ,100,12114
此房满五唯一  视野开阔 采光充足 配套齐全,方圆经纬社区   ,2室1厅,89.53平米,南,31,未知, 王府井 ,120,13404
小三室万达南水北调运河2022年小区,汇泉景悦城1号院   ,3室2厅,88.83平米,南,34,未知, 中原万达 ,107,12046
河医片区 碧沙岗 丹尼斯旁 花园社区出行方便,方圆经纬社区   ,3室1厅,85.71平米,南,31,未知, 王府井 ,103,12018
桐柏路陇海路地铁口   双气小三室  好楼层采光好,中原新城新天地小区   ,3室1厅,87.93平米,南,33,未知, 电力新村 ,108,12283
精装修未入住，看房方便，采光好，满五唯一,方圆经纬社区   ,3室2厅,84.99平米,南 北,31,未知, 王府井 ,105,12355
三环内，人车分流，三面采光小三房，高楼层视野好房主自荐,和润林湖美景   ,3室2厅,89.65平米,南 西 北,34,未知, 热电厂 ,102,11434
纯毛坯，自由发挥装修，园林景观。有钥匙随时看房,方圆经纬社区   ,3室2厅,85.71平米,西,31,未知, 王府井 ,115,13418
前排纯南两房 双地铁 五一公园 中医院,方圆经纬社区   ,2室1厅,80.24平米,南,29,未知, 王府井 ,118,14706
3号楼位置好，视野好，采光好，,阳光城丽景公馆南苑   ,3室2厅,87.47平米,南 北,34,未知, 中原万达 ,105,12005
业主诚意出售，目前自住保养的很好，价格可小刀,方圆经纬社区   ,3室1厅,85.71平米,南 北,31,未知, 王府井 ,108,12601
绿都城南区中间好位置，多层公摊小房主自荐,郑州绿都城   ,3室2厅,88.97平米,南 北,6,未知, 中原万达 ,100,11240
满五唯一、 楼栋位置好、 低楼层 、业主急售,盛润锦绣城东院   ,3室1厅,88.6平米,南,32,未知, 王府井 ,109,12303
锦艺商圈 双地铁 配套齐全 阳光小三房 全明户型,锦艺国际华都美域   ,3室1厅,88.28平米,南,32,未知, 热电厂 ,108,12234
此房业主急售，价格可商量，楼层采光好，南北通透，急,正商金域世家   ,2室2厅,89.93平米,南 北,34,未知, 五龙口 ,111,12343
小三房精装修业主诚心出售看房方便采光好,九龙城天悦龙庭   ,2室1厅,89.57平米,南,24,未知, 五龙口 ,108,12058
房子满五唯一，税费少，前排好楼层！价位可谈！,方圆经纬社区   ,2室1厅,80.12平米,南,29,未知, 王府井 ,102,12794
锦艺二期精装三房 采光好 近地铁 位置好,锦艺国际华都美域   ,3室2厅,85.94平米,南,33,未知, 热电厂 ,110,12800
南北通透户型，中间楼层，精装，保持良好,正商金域世家   ,2室1厅,89.38平米,南 北,34,未知, 五龙口 ,102,11412
农业路18年次新小区，精装修，户型好，采光好，急售,九龙国际   ,3室2厅,89.66平米,南,26,未知, 五龙口 ,106,11823
精装修 好楼层 双教育集团 满五唯一 看房方便,盛润锦绣城东院   ,3室1厅,88.66平米,南,34,未知, 王府井 ,120,13535
舒适型两房，装修维护的好，采光无影响,保利心语一期   ,2室2厅,82.64平米,南 西南,34,未知, 中原万达 ,102,12343
次新小区  楼层好小区人车分流 交通便利,正商金域世家   ,2室1厅,89.69平米,南,34,未知, 五龙口 ,109,12153
和昌澜景  精装两房  满五唯一  新风 地暖,和昌澜景   ,2室1厅,76.39平米,南,34,未知, 儿童公园 ,105,13746
三环内  地铁口 精装三房 全款房  满五唯一,和昌澜景   ,3室1厅,87.84平米,南,34,未知, 儿童公园 ,108,12296
小区中间位置，不临高架，中间楼层、精装修、拎包入住,和昌澜景   ,3室2厅,86.29平米,南 北,34,未知, 儿童公园 ,108,12516
紫韵丽园 3室2厅 南,紫韵丽园   ,3室2厅,88.71平米,南,34,未知, 中原万达 ,100,11273
2022年人车分流小区，环境好，双地铁口绿化高,华瑞紫韵雅园   ,3室2厅,88.6平米,东南 南,34,未知, 中原万达 ,119,13432
锦艺欧尚 双卧朝南3居室 不临街不临铁路 房子无抵押房主自荐,锦艺国际华都欧尚   ,3室1厅,88.54平米,东南,33,未知, 热电厂 ,105,11860
林山寨 双气96年通透两房 采光好 伊河路，19中,林山寨村   ,2室1厅,77.16平米,南 北,7,未知, 郑州晚报社 ,103,13349
锦艺一期南向两房，带有50平的露台，低楼层，满五年,锦艺国际华都欧尚   ,2室1厅,83.45平米,南,26,未知, 热电厂 ,105,12583
房子南北通透，户型方正，正常税费，可随时过户,郑勘机家属院   ,2室2厅,80.91平米,南 北,6,未知, 郑州晚报社 ,105,12978
天誉华庭 边户小三房，南北通透 业主诚心出售新上,领创天誉华庭   ,3室1厅,88.73平米,南 北,34,未知, 五龙口 ,112,12623
精装修看房随时看房，好楼层，满五唯一,方圆经纬社区   ,2室1厅,80.12平米,南,29,未知, 王府井 ,110,13730
绿都城，万达商圈，给您森林里的家,郑州绿都城   ,3室1厅,86.71平米,西南,6,未知, 中原万达 ,110,12686
精装修，采光好，看房方便，诚心出售新上,方圆经纬社区   ,3室1厅,85.71平米,南 北,31,未知, 王府井 ,110,12834
锦艺南北通透双阳台三房，价格比同户型房源更有优势新上,锦艺国际华都欧尚   ,3室2厅,88.65平米,南 北,33,未知, 热电厂 ,108,12183
三环内次新花园社区 1号线地铁口 人车分流 毛坯随心装新上,五建新街坊5号院   ,3室1厅,88.02平米,南 北,34,未知, 热电厂 ,117,13293
